Patricia,Mitchell,227-(935)719-0941,pmitchell0@mapquest.com
Timothy,West,86-(870)481-5968,twest1@sciencedirect.com
Matthew,Arnold,57-(487)117-3533,marnold2@weather.com
Aaron,Anderson,7-(157)322-5547,aanderson3@yahoo.com
Nancy,Pierce,27-(167)314-2343,npierce4@live.com
Nicole,Barnes,86-(956)548-9183,nbarnes5@huffingtonpost.com
Jean,Harvey,63-(478)884-4763,jharvey6@studiopress.com
Jose,Richardson,86-(138)741-9659,jrichardson7@technorati.com
Jacqueline,Carroll,352-(300)942-2160,jcarroll8@walmart.com
Judith,Castillo,506-(203)468-3841,jcastillo9@google.com.hk
Dennis,Meyer,54-(531)574-9192,dmeyera@cornell.edu
Dennis,Diaz,420-(633)494-0565,ddiazb@bizjournals.com
Jacqueline,Harper,234-(926)740-0079,jharperc@tripadvisor.com
Michelle,Gordon,7-(880)758-8998,mgordond@hao123.com
Virginia,Carter,62-(296)516-4374,vcartere@facebook.com
Joan,Flores,66-(987)988-9913,jfloresf@senate.gov
Carol,Wagner,86-(865)582-5336,cwagnerg@sohu.com
Dennis,Howell,86-(918)514-0272,dhowellh@google.ca
Carl,Lopez,7-(229)748-7178,clopezi@google.cn
Kevin,Butler,95-(299)115-5523,kbutlerj@comcast.net
Gregory,Montgomery,33-(327)215-3653,gmontgomeryk@skype.com
Craig,Riley,351-(685)315-4942,crileyl@sphinn.com
Janice,Harrison,86-(322)722-4906,jharrisonm@google.ru
Patrick,Reid,961-(752)777-7210,preidn@earthlink.net
Shirley,Payne,86-(859)489-1962,spayneo@answers.com
Philip,Weaver,86-(968)432-7078,pweaverp@stanford.edu
Irene,Gibson,86-(346)376-1919,igibsonq@thetimes.co.uk
Melissa,Hernandez,86-(303)641-2549,mhernandezr@npr.org
Theresa,Burton,972-(250)960-7702,tburtons@quantcast.com
Dorothy,Ortiz,47-(519)697-0171,dortizt@mysql.com
Mark,Alvarez,62-(450)928-4990,malvarezu@blogtalkradio.com
Harold,Gardner,55-(800)835-3698,hgardnerv@hugedomains.com
Patricia,James,52-(118)942-2824,pjamesw@virginia.edu
Victor,Stanley,46-(513)780-7701,vstanleyx@paginegialle.it
Benjamin,Smith,47-(660)888-2314,bsmithy@alibaba.com
Karen,Evans,81-(550)310-8837,kevansz@mail.ru
Alice,Alexander,381-(257)909-2685,aalexander10@arizona.edu
Katherine,Wallace,506-(882)371-8992,kwallace11@livejournal.com
Kimberly,Lewis,86-(688)823-5183,klewis12@sphinn.com
Terry,Fuller,55-(700)164-5126,tfuller13@blogtalkradio.com
Amy,Myers,55-(123)776-9336,amyers14@bbc.co.uk
Rebecca,Lynch,372-(303)967-7391,rlynch15@oracle.com
Donald,Moreno,81-(416)266-3187,dmoreno16@google.ru
Carol,Burns,7-(140)163-3523,cburns17@columbia.edu
Nicholas,Palmer,995-(440)991-1928,npalmer18@latimes.com
Doris,Knight,86-(225)475-4865,dknight19@vk.com
Paul,Jackson,1-(485)428-3070,pjackson1a@moonfruit.com
Stephen,Banks,62-(724)470-3466,sbanks1b@ed.gov
Ryan,Edwards,62-(811)803-6812,redwards1c@youku.com
Ryan,Watson,86-(883)820-1920,rwatson1d@ask.com
Walter,Bishop,504-(711)458-8249,wbishop1e@gravatar.com
Jack,Dixon,81-(941)424-3484,jdixon1f@businesswire.com
Brandon,Smith,1-(314)119-5339,bsmith1g@wp.com
Ryan,Hunt,7-(688)651-3782,rhunt1h@ox.ac.uk
Karen,Mitchell,62-(533)495-1590,kmitchell1i@uiuc.edu
Paul,Lynch,86-(336)391-7867,plynch1j@ca.gov
Amy,Morris,55-(157)634-5271,amorris1k@eepurl.com
Christine,Rivera,92-(566)544-0036,crivera1l@census.gov
Jimmy,Butler,62-(582)626-7540,jbutler1m@wikispaces.com
Cheryl,Powell,47-(842)376-3261,cpowell1n@artisteer.com
Linda,Price,86-(341)527-2445,lprice1o@netvibes.com
Brandon,Lopez,62-(883)293-0239,blopez1p@google.co.jp
Thomas,Vasquez,389-(791)547-3965,tvasquez1q@istockphoto.com
Edward,Butler,86-(258)766-3345,ebutler1r@privacy.gov.au
Peter,Wright,66-(728)219-4225,pwright1s@barnesandnoble.com
Pamela,Wood,52-(497)565-1236,pwood1t@cbsnews.com
Judith,Cruz,48-(258)809-9085,jcruz1u@google.com.hk
Joshua,Henderson,86-(659)868-8822,jhenderson1v@washingtonpost.com
Jacqueline,Howell,66-(990)576-4972,jhowell1w@narod.ru
Ashley,Harris,66-(435)921-3878,aharris1x@zdnet.com
Sandra,Frazier,55-(504)253-7523,sfrazier1y@vimeo.com
Jeremy,Lawrence,53-(992)804-8900,jlawrence1z@photobucket.com
Peter,Jenkins,81-(132)153-7352,pjenkins20@tamu.edu
Ruby,Cox,57-(791)587-3161,rcox21@wordpress.org
Judith,Moreno,34-(722)181-9854,jmoreno22@over-blog.com
Bobby,Hudson,359-(640)865-6976,bhudson23@odnoklassniki.ru
Gerald,Williamson,850-(418)560-4966,gwilliamson24@creativecommons.org
Jonathan,Fowler,381-(879)779-9670,jfowler25@51.la
Kathryn,Clark,7-(365)674-4292,kclark26@canalblog.com
Joyce,Alvarez,86-(682)881-1262,jalvarez27@gizmodo.com
Cynthia,Johnston,81-(487)411-6999,cjohnston28@amazon.com
Richard,Payne,55-(519)405-1033,rpayne29@bravesites.com
Kathleen,Ruiz,385-(275)904-9468,kruiz2a@360.cn
Denise,Snyder,218-(938)907-8457,dsnyder2b@nbcnews.com
Larry,Henry,60-(575)555-4069,lhenry2c@people.com.cn
Bonnie,Wagner,86-(902)496-9682,bwagner2d@ycombinator.com
Ryan,Palmer,1-(754)549-5584,rpalmer2e@gov.uk
Dennis,Powell,385-(350)255-4914,dpowell2f@reverbnation.com
Russell,Reid,62-(427)385-6745,rreid2g@icq.com
Joseph,Martin,385-(395)591-7457,jmartin2h@behance.net
Keith,Bailey,972-(926)203-3828,kbailey2i@uiuc.edu
Robin,Walker,7-(604)564-1421,rwalker2j@ovh.net
Mark,Hunt,374-(268)826-5826,mhunt2k@macromedia.com
Emily,Ramos,267-(765)792-6168,eramos2l@github.io
Marie,Riley,86-(663)618-6906,mriley2m@storify.com
Adam,Richardson,976-(670)715-5027,arichardson2n@spotify.com
Dorothy,Hansen,509-(772)288-3920,dhansen2o@marketwatch.com
Emily,Woods,54-(958)684-0232,ewoods2p@wunderground.com
Jesse,Lawrence,62-(642)579-3527,jlawrence2q@unblog.fr
William,Arnold,54-(525)704-2091,warnold2r@wikimedia.org
Eric,Ramos,55-(388)557-5620,eramos2s@furl.net
Dorothy,Cook,66-(829)972-1876,dcook2t@i2i.jp
Doris,Knight,380-(898)296-8178,dknight2u@nasa.gov
Wayne,Henry,57-(126)942-8083,whenry2v@wufoo.com
Phyllis,Hughes,86-(737)708-4430,phughes2w@google.com.hk
Mary,Turner,62-(896)561-4795,mturner2x@issuu.com
Nicole,Banks,86-(957)589-0119,nbanks2y@fastcompany.com
Carol,Palmer,33-(437)148-1560,cpalmer2z@elpais.com
Louise,Flores,86-(783)285-9969,lflores30@tumblr.com
Chris,Jacobs,86-(426)390-8970,cjacobs31@intel.com
Amanda,Hunt,46-(984)727-1360,ahunt32@nytimes.com
Sharon,Willis,86-(705)751-4847,swillis33@pen.io
Kevin,Hamilton,1-(239)959-6144,khamilton34@marketwatch.com
Irene,Cooper,48-(798)850-0692,icooper35@hibu.com
Bobby,Bailey,994-(198)273-5001,bbailey36@goo.gl
Kathryn,Morris,66-(406)346-1725,kmorris37@webnode.com
George,Cook,62-(767)563-0161,gcook38@yolasite.com
Samuel,Stevens,46-(597)561-7815,sstevens39@oracle.com
Norma,Lawrence,62-(337)383-8003,nlawrence3a@printfriendly.com
Michael,Lee,34-(546)422-5044,mlee3b@dropbox.com
Margaret,Black,58-(824)309-8884,mblack3c@over-blog.com
Gloria,Kelley,81-(238)346-5605,gkelley3d@fc2.com
David,Day,86-(932)770-4343,dday3e@fc2.com
Jose,Mason,86-(521)847-4352,jmason3f@livejournal.com
Gloria,Mills,62-(648)476-1986,gmills3g@deliciousdays.com
Charles,Larson,353-(526)888-9827,clarson3h@reference.com
Jerry,Warren,220-(836)328-0570,jwarren3i@mozilla.com
Dorothy,Lawrence,48-(465)374-4500,dlawrence3j@redcross.org
Shawn,Gomez,27-(764)985-9058,sgomez3k@cpanel.net
Kenneth,Cox,55-(680)243-5312,kcox3l@indiegogo.com
Betty,Robinson,63-(432)971-8884,brobinson3m@rakuten.co.jp
Ernest,Welch,86-(167)608-4200,ewelch3n@redcross.org
Aaron,Romero,62-(237)532-5465,aromero3o@tamu.edu
Henry,Rice,1-(911)607-0192,hrice3p@slate.com
Ernest,Myers,86-(234)651-5051,emyers3q@symantec.com
Jennifer,Long,86-(123)299-8054,jlong3r@vistaprint.com
Andrea,Young,86-(874)736-5041,ayoung3s@samsung.com
Jane,Gordon,55-(399)814-9254,jgordon3t@list-manage.com
Raymond,Rose,967-(583)296-9625,rrose3u@google.com
Ann,Duncan,62-(573)557-3072,aduncan3v@msn.com
Martha,Taylor,371-(690)979-5574,mtaylor3w@slideshare.net
Willie,Jordan,372-(345)793-1381,wjordan3x@microsoft.com
Ashley,Berry,93-(757)519-3917,aberry3y@yolasite.com
Maria,Lewis,880-(804)998-6447,mlewis3z@friendfeed.com
Helen,Perry,63-(240)412-1350,hperry40@naver.com
Alice,Ray,55-(257)958-9053,aray41@list-manage.com
John,Mitchell,62-(381)525-6521,jmitchell42@sourceforge.net
Betty,Montgomery,374-(975)873-7737,bmontgomery43@wufoo.com
Julia,Harvey,374-(682)741-2575,jharvey44@mashable.com
Ronald,Schmidt,47-(103)500-2239,rschmidt45@java.com
Howard,Boyd,86-(410)263-1609,hboyd46@java.com
Michelle,Harper,93-(416)177-4056,mharper47@4shared.com
Donald,Allen,86-(853)901-2258,dallen48@list-manage.com
Evelyn,Baker,62-(566)538-4138,ebaker49@pagesperso-orange.fr
Victor,Barnes,55-(302)247-1498,vbarnes4a@cdbaby.com
Andrea,Moreno,55-(944)703-5060,amoreno4b@reverbnation.com
Martha,Sullivan,33-(888)769-7011,msullivan4c@bizjournals.com
Kevin,Kelley,86-(912)836-3439,kkelley4d@printfriendly.com
Donna,Johnston,389-(841)630-6049,djohnston4e@google.ru
Anne,Hayes,261-(423)561-7897,ahayes4f@sakura.ne.jp
Sharon,Adams,66-(471)204-6640,sadams4g@telegraph.co.uk
Rebecca,Snyder,82-(900)451-4508,rsnyder4h@china.com.cn
Kelly,Butler,7-(889)789-3161,kbutler4i@house.gov
Steve,Hunt,86-(317)174-0202,shunt4j@symantec.com
Fred,Crawford,55-(308)935-5668,fcrawford4k@omniture.com
Julia,Mason,48-(941)594-3850,jmason4l@xrea.com
Ronald,Richardson,86-(734)482-7103,rrichardson4m@sciencedaily.com
Jeffrey,Hart,353-(671)309-1430,jhart4n@cam.ac.uk
Alice,King,234-(329)780-3203,aking4o@marriott.com
William,Castillo,994-(462)369-3072,wcastillo4p@noaa.gov
Gloria,Olson,33-(530)707-1106,golson4q@weebly.com
Gregory,Nichols,33-(367)458-8119,gnichols4r@hc360.com
Ashley,Mcdonald,62-(788)625-1479,amcdonald4s@simplemachines.org
Todd,Hill,7-(289)130-3896,thill4t@yellowbook.com
Helen,Rose,48-(334)314-6948,hrose4u@phoca.cz
Marie,Hamilton,7-(901)128-5062,mhamilton4v@miibeian.gov.cn
Judith,Chavez,51-(944)332-9839,jchavez4w@spotify.com
Harold,Fernandez,86-(211)536-1769,hfernandez4x@gmpg.org
Eugene,Adams,970-(446)868-4420,eadams4y@slate.com
John,Hawkins,86-(145)457-5919,jhawkins4z@wsj.com
Virginia,Harris,7-(490)228-7034,vharris50@jigsy.com
Matthew,Ellis,62-(240)141-8570,mellis51@twitter.com
Joseph,Castillo,7-(726)235-6768,jcastillo52@163.com
Nicholas,Moreno,380-(960)909-7782,nmoreno53@symantec.com
Kathryn,Snyder,86-(549)438-0624,ksnyder54@eepurl.com
Lois,Dunn,86-(280)326-8401,ldunn55@jugem.jp
Susan,Burke,505-(495)892-9087,sburke56@google.it
Brian,Woods,7-(224)982-3879,bwoods57@linkedin.com
Jerry,Burns,57-(672)327-0409,jburns58@infoseek.co.jp
Kenneth,Adams,1-(426)730-4298,kadams59@eepurl.com
Anna,Nelson,48-(836)393-1385,anelson5a@odnoklassniki.ru
Ruby,Griffin,98-(143)165-0978,rgriffin5b@gizmodo.com
Gerald,Baker,1-(838)629-5739,gbaker5c@ehow.com
Antonio,Anderson,7-(796)900-2460,aanderson5d@yahoo.com
Catherine,Price,86-(491)579-4064,cprice5e@wikispaces.com
Roger,Marshall,86-(294)194-1298,rmarshall5f@wunderground.com
Justin,Reyes,86-(507)228-2598,jreyes5g@va.gov
Jennifer,Hall,53-(734)716-9278,jhall5h@soundcloud.com
Clarence,Long,86-(799)656-8165,clong5i@scribd.com
Nancy,Snyder,55-(388)167-1936,nsnyder5j@google.fr
Andrea,Alexander,62-(810)238-5445,aalexander5k@army.mil
Matthew,Garza,212-(443)594-5273,mgarza5l@123-reg.co.uk
Cheryl,White,62-(593)189-0499,cwhite5m@mapquest.com
Jessica,Robinson,95-(550)628-6932,jrobinson5n@last.fm
Jack,Fisher,86-(647)289-2941,jfisher5o@wikimedia.org
Jessica,Wagner,358-(488)249-5935,jwagner5p@naver.com
Ruby,Gonzales,63-(293)278-2733,rgonzales5q@bing.com
Shirley,Snyder,86-(559)348-9848,ssnyder5r@sphinn.com
Edward,Gardner,86-(989)576-3554,egardner5s@prlog.org
Matthew,Perez,86-(855)162-6980,mperez5t@cnn.com
Diane,Daniels,44-(929)180-2449,ddaniels5u@jigsy.com
Judy,West,53-(554)900-8423,jwest5v@blogger.com
Daniel,Hanson,86-(121)299-4224,dhanson5w@gizmodo.com
Patricia,Reid,62-(920)803-6497,preid5x@chron.com
Marilyn,Stanley,60-(785)200-8940,mstanley5y@youku.com
Bobby,Freeman,63-(708)949-2126,bfreeman5z@cnbc.com
Brian,Johnston,967-(741)801-3859,bjohnston60@booking.com
Todd,Edwards,86-(622)633-2080,tedwards61@google.co.uk
Ralph,Garrett,382-(863)386-3943,rgarrett62@pinterest.com
Judith,Porter,1-(214)710-8497,jporter63@xinhuanet.com
Gerald,Alexander,595-(226)553-9923,galexander64@state.tx.us
Janet,Bishop,48-(740)921-2084,jbishop65@earthlink.net
Catherine,Lopez,7-(215)449-4701,clopez66@utexas.edu
Rose,Jordan,1-(302)721-0576,rjordan67@symantec.com
Howard,Gibson,86-(567)241-2790,hgibson68@cdbaby.com
Larry,Castillo,62-(441)677-1656,lcastillo69@ehow.com
Joyce,King,260-(126)890-6524,jking6a@earthlink.net
Jeremy,Anderson,86-(349)315-7712,janderson6b@blogtalkradio.com
John,Ramos,55-(594)962-7326,jramos6c@msn.com
Susan,Foster,86-(363)502-8194,sfoster6d@dailymotion.com
Howard,Simmons,63-(759)240-9057,hsimmons6e@deliciousdays.com
Jessica,Duncan,62-(672)597-9918,jduncan6f@hibu.com
Thomas,Robinson,62-(801)263-1610,trobinson6g@youku.com
Donna,White,7-(182)982-3436,dwhite6h@woothemes.com
Fred,Mills,504-(433)279-7340,fmills6i@pbs.org
Paul,Gardner,62-(361)196-4992,pgardner6j@fastcompany.com
Kenneth,King,62-(857)673-3633,kking6k@sohu.com
Anthony,Wood,86-(739)771-8643,awood6l@google.com
Shawn,Armstrong,81-(993)620-1967,sarmstrong6m@youku.com
Harry,Payne,82-(887)388-3382,hpayne6n@bbc.co.uk
Sharon,Larson,1-(301)549-8325,slarson6o@hp.com
Brandon,Watson,86-(832)345-7012,bwatson6p@cloudflare.com
Fred,Wells,92-(380)886-9170,fwells6q@com.com
Antonio,Gardner,63-(400)766-2475,agardner6r@dedecms.com
Anthony,Nguyen,63-(237)994-2560,anguyen6s@apple.com
Brenda,Hart,86-(524)345-5152,bhart6t@163.com
Robert,Carter,355-(845)136-5615,rcarter6u@washington.edu
Alice,Butler,351-(790)204-3942,abutler6v@acquirethisname.com
Christine,Duncan,387-(647)732-7737,cduncan6w@wired.com
Sara,White,63-(943)681-8083,swhite6x@spotify.com
Steven,Lawson,234-(774)706-1411,slawson6y@youku.com
Cynthia,Jordan,591-(138)508-5255,cjordan6z@discovery.com
Margaret,Howell,62-(313)695-7918,mhowell70@wsj.com
Lawrence,Adams,84-(316)555-9163,ladams71@oaic.gov.au
Joyce,Larson,52-(274)740-0514,jlarson72@moonfruit.com
Jason,Andrews,353-(230)938-5021,jandrews73@hugedomains.com
Lois,Stone,992-(420)972-1028,lstone74@indiegogo.com
Jonathan,Garza,503-(396)820-5148,jgarza75@google.com.hk
Peter,Daniels,998-(794)585-3943,pdaniels76@mac.com
Jessica,King,261-(254)776-3362,jking77@google.ru
Joe,Nichols,33-(942)640-5469,jnichols78@webmd.com
Scott,Gray,63-(220)764-1920,sgray79@cpanel.net
Michelle,Marshall,380-(181)450-0145,mmarshall7a@csmonitor.com
Shirley,Ortiz,60-(390)233-9194,sortiz7b@newsvine.com
Kelly,Cox,62-(378)708-6942,kcox7c@japanpost.jp
Brenda,Hunter,55-(946)489-8779,bhunter7d@mozilla.com
Ruth,Wood,7-(848)624-9774,rwood7e@house.gov
Matthew,Shaw,86-(350)730-0897,mshaw7f@mashable.com
Deborah,Alexander,86-(468)809-2711,dalexander7g@miibeian.gov.cn
Sarah,Cox,55-(965)247-6572,scox7h@yahoo.com
Catherine,Duncan,63-(444)532-1513,cduncan7i@tripod.com
Rebecca,Burton,48-(306)774-8989,rburton7j@eventbrite.com
Teresa,Richardson,46-(399)975-0608,trichardson7k@nyu.edu
Carlos,Palmer,62-(755)917-1070,cpalmer7l@tumblr.com
Anne,Rivera,63-(224)815-3406,arivera7m@microsoft.com
Irene,Davis,62-(210)567-9724,idavis7n@stanford.edu
Brian,Hall,62-(452)550-7668,bhall7o@yahoo.co.jp
Lillian,Franklin,55-(903)980-3862,lfranklin7p@yellowbook.com
Douglas,Myers,230-(837)708-5187,dmyers7q@deliciousdays.com
Samuel,Spencer,63-(482)558-1608,sspencer7r@shop-pro.jp
Mary,Burke,62-(564)335-9749,mburke7s@hc360.com
Elizabeth,Mason,86-(756)176-8982,emason7t@g.co
Nicole,Moore,86-(430)419-5316,nmoore7u@biblegateway.com
Stephanie,Moreno,48-(600)551-8892,smoreno7v@ucla.edu
Anne,Armstrong,7-(564)462-1106,aarmstrong7w@nba.com
Gary,Long,63-(133)791-5884,glong7x@barnesandnoble.com
Beverly,Payne,63-(574)711-2623,bpayne7y@parallels.com
Adam,Bell,7-(855)326-2480,abell7z@dmoz.org
Carolyn,Vasquez,1-(581)410-3429,cvasquez80@earthlink.net
Peter,Myers,1-(460)375-5909,pmyers81@cisco.com
Gary,Williamson,7-(961)423-3118,gwilliamson82@pbs.org
Howard,Lewis,7-(740)479-4355,hlewis83@purevolume.com
Antonio,Simmons,63-(436)542-9676,asimmons84@cocolog-nifty.com
Joyce,Payne,86-(854)494-0760,jpayne85@archive.org
Paul,Young,7-(952)320-5139,pyoung86@arstechnica.com
Helen,Henry,57-(929)729-3007,hhenry87@cpanel.net
Ronald,Hicks,86-(348)454-9878,rhicks88@4shared.com
Jacqueline,Green,86-(807)543-0156,jgreen89@sun.com
Larry,Murphy,62-(184)298-0299,lmurphy8a@sbwire.com
Amy,Garrett,86-(699)108-4186,agarrett8b@instagram.com
Tina,Peters,506-(314)153-4257,tpeters8c@wordpress.com
Douglas,Willis,998-(133)226-5621,dwillis8d@bigcartel.com
Doris,Crawford,353-(546)598-9570,dcrawford8e@1688.com
Thomas,Howard,63-(109)474-7541,thoward8f@wp.com
Gloria,Hill,86-(727)547-7356,ghill8g@soup.io
Stephanie,Porter,385-(342)656-4384,sporter8h@lulu.com
Robert,Montgomery,86-(101)844-2287,rmontgomery8i@comcast.net
Cheryl,Castillo,63-(994)466-7470,ccastillo8j@icq.com
Joe,Lee,52-(558)951-0563,jlee8k@businessinsider.com
Scott,Ryan,63-(469)243-2794,sryan8l@networksolutions.com
Anna,Bell,63-(663)989-9893,abell8m@amazon.co.uk
Melissa,Thompson,351-(710)304-4386,mthompson8n@uol.com.br
Helen,Garrett,62-(860)240-1577,hgarrett8o@umn.edu
Laura,Frazier,33-(659)514-8692,lfrazier8p@timesonline.co.uk
Sarah,Vasquez,46-(992)494-3527,svasquez8q@opensource.org
Douglas,Moreno,46-(217)847-9498,dmoreno8r@furl.net
James,Romero,234-(525)492-9862,jromero8s@weibo.com
Raymond,Wood,970-(863)414-3394,rwood8t@marriott.com
Randy,Stanley,269-(483)234-0957,rstanley8u@facebook.com
Gary,Chapman,63-(249)107-7564,gchapman8v@ftc.gov
Lori,Clark,62-(618)809-3757,lclark8w@jugem.jp
Sandra,Bailey,351-(711)880-5692,sbailey8x@tmall.com
Bruce,James,502-(104)387-7521,bjames8y@latimes.com
Diana,Romero,98-(522)675-8990,dromero8z@issuu.com
Margaret,Hayes,375-(101)918-7249,mhayes90@hc360.com
Earl,Sullivan,351-(708)180-8068,esullivan91@angelfire.com
Matthew,Holmes,51-(537)527-1620,mholmes92@webnode.com
Victor,Young,353-(147)328-3973,vyoung93@ezinearticles.com
Heather,King,33-(391)340-2316,hking94@furl.net
Eugene,Elliott,381-(635)393-8594,eelliott95@csmonitor.com
Joyce,Moore,593-(753)827-3459,jmoore96@weebly.com
Andrea,Cox,62-(151)174-6608,acox97@soup.io
Julie,Scott,62-(966)324-4119,jscott98@etsy.com
Amy,Patterson,30-(975)286-7371,apatterson99@zimbio.com
Julia,Welch,62-(388)876-8586,jwelch9a@amazonaws.com
Samuel,Harrison,7-(107)719-6933,sharrison9b@umich.edu
Russell,Hill,389-(241)813-5157,rhill9c@t-online.de
Kathleen,Murray,967-(324)505-1476,kmurray9d@phpbb.com
Judy,Lawrence,86-(717)545-9343,jlawrence9e@wp.com
Joan,Jacobs,54-(416)879-0515,jjacobs9f@squidoo.com
Benjamin,Scott,7-(127)921-7851,bscott9g@jalbum.net
Walter,Gomez,234-(677)819-5869,wgomez9h@webnode.com
Daniel,Hughes,63-(944)193-8706,dhughes9i@51.la
Debra,Walker,86-(780)120-1659,dwalker9j@constantcontact.com
Eugene,Welch,86-(478)271-1584,ewelch9k@blogger.com
Patrick,Palmer,226-(786)278-1313,ppalmer9l@telegraph.co.uk
Martha,Sullivan,48-(681)200-8288,msullivan9m@photobucket.com
Dennis,Tucker,62-(977)292-3346,dtucker9n@cocolog-nifty.com
Martin,Bowman,420-(156)583-9219,mbowman9o@blog.com
Ronald,Mills,86-(899)148-9720,rmills9p@youtu.be
Frances,Gray,54-(858)696-3679,fgray9q@usnews.com
Dorothy,White,58-(710)485-0151,dwhite9r@independent.co.uk
Amy,Shaw,63-(656)763-3912,ashaw9s@ihg.com
Julia,Nichols,351-(504)985-6404,jnichols9t@techcrunch.com
Johnny,Ryan,86-(313)821-7450,jryan9u@harvard.edu
Willie,Harrison,55-(634)598-6730,wharrison9v@scribd.com
Justin,Stone,98-(155)364-2483,jstone9w@wisc.edu
Diane,Barnes,994-(937)501-5258,dbarnes9x@weebly.com
Anna,Fuller,351-(518)361-6299,afuller9y@flavors.me
Emily,Hunt,351-(510)502-9131,ehunt9z@bigcartel.com
Martin,Mcdonald,355-(390)145-1553,mmcdonalda0@ted.com
Beverly,Baker,57-(762)706-6643,bbakera1@infoseek.co.jp
Donna,Campbell,55-(104)472-1573,dcampbella2@psu.edu
Patrick,Hughes,505-(413)641-7422,phughesa3@yellowbook.com
Lois,Day,30-(396)864-1830,ldaya4@bizjournals.com
Virginia,Henderson,86-(817)154-7283,vhendersona5@rediff.com
Chris,Jacobs,56-(317)314-3052,cjacobsa6@independent.co.uk
Marie,Murray,261-(785)575-3190,mmurraya7@yale.edu
Christine,Wood,66-(939)889-1124,cwooda8@washington.edu
Wayne,Hill,63-(608)907-9301,whilla9@geocities.jp
Donna,Wallace,62-(805)654-0831,dwallaceaa@nba.com
Aaron,Owens,1-(775)323-4886,aowensab@skype.com
Jack,Wagner,43-(479)592-2283,jwagnerac@smugmug.com
Jimmy,West,48-(883)483-8315,jwestad@scribd.com
Clarence,Cunningham,62-(996)547-5013,ccunninghamae@ihg.com
Jessica,King,62-(470)339-3902,jkingaf@vistaprint.com
Dennis,Brown,86-(641)716-6655,dbrownag@home.pl
Michael,Gonzales,267-(705)229-6033,mgonzalesah@blogspot.com
Wanda,Patterson,86-(275)953-6600,wpattersonai@netscape.com
Willie,Lawson,48-(844)318-2892,wlawsonaj@yolasite.com
Bonnie,Dixon,7-(861)744-0532,bdixonak@prweb.com
Catherine,Miller,63-(828)143-3672,cmilleral@cargocollective.com
Walter,Hunt,502-(206)222-8401,whuntam@mysql.com
Henry,Harrison,269-(836)899-2036,hharrisonan@csmonitor.com
Mildred,Jenkins,55-(485)886-3268,mjenkinsao@discuz.net
Michelle,Bryant,351-(120)831-5769,mbryantap@geocities.jp
Gary,Green,260-(905)256-7148,ggreenaq@jalbum.net
Karen,Bowman,420-(638)702-0305,kbowmanar@nationalgeographic.com
Stephanie,Jenkins,49-(827)711-9424,sjenkinsas@nyu.edu
Alan,Ellis,66-(104)392-1057,aellisat@hatena.ne.jp
Carlos,Little,86-(301)767-7589,clittleau@elpais.com
Douglas,Jackson,249-(685)153-8255,djacksonav@spotify.com
Stephanie,Wheeler,261-(602)632-5100,swheeleraw@aboutads.info
Jean,Marshall,7-(248)753-7236,jmarshallax@symantec.com
Jason,Hunter,49-(760)122-0283,jhunteray@indiatimes.com
Teresa,Hamilton,385-(813)817-4873,thamiltonaz@angelfire.com
Harold,Medina,967-(746)559-3811,hmedinab0@fema.gov
Raymond,Larson,82-(931)867-9192,rlarsonb1@about.me
Brian,Hudson,1-(561)513-6058,bhudsonb2@vk.com
Mildred,Lee,7-(524)565-9984,mleeb3@theatlantic.com
Samuel,Austin,86-(783)315-7560,saustinb4@nature.com
Daniel,Morales,66-(483)745-1987,dmoralesb5@goo.ne.jp
Kathleen,Kelly,251-(567)919-6073,kkellyb6@twitter.com
Jennifer,Murphy,86-(761)651-4019,jmurphyb7@stanford.edu
William,Gilbert,86-(650)264-9568,wgilbertb8@fastcompany.com
Scott,Cook,86-(539)251-8565,scookb9@seattletimes.com
Christine,Smith,7-(156)892-8514,csmithba@salon.com
Shawn,Adams,86-(534)451-1236,sadamsbb@yandex.ru
Martin,Mccoy,55-(911)528-2927,mmccoybc@apache.org
Stephen,Roberts,62-(403)516-8701,srobertsbd@t.co
Phillip,Fowler,62-(556)410-4470,pfowlerbe@wired.com
Jonathan,Elliott,386-(996)286-8539,jelliottbf@cloudflare.com
Larry,Webb,62-(449)709-9505,lwebbbg@jalbum.net
Dorothy,Morris,86-(484)644-0423,dmorrisbh@newyorker.com
Jeremy,Webb,95-(262)978-1836,jwebbbi@uiuc.edu
Gregory,Wallace,33-(495)428-1842,gwallacebj@networksolutions.com
Sara,Anderson,34-(431)361-7046,sandersonbk@smh.com.au
Susan,Weaver,7-(123)534-3576,sweaverbl@purevolume.com
Paula,Reyes,81-(655)465-8805,preyesbm@epa.gov
Keith,Gutierrez,62-(104)125-9808,kgutierrezbn@deliciousdays.com
Marie,Medina,84-(994)445-3589,mmedinabo@amazonaws.com
Willie,Simpson,86-(964)835-4306,wsimpsonbp@msn.com
Russell,Murphy,62-(554)947-2810,rmurphybq@alexa.com
Thomas,Wallace,51-(636)206-2304,twallacebr@ask.com
Martin,Hayes,27-(199)987-5618,mhayesbs@nps.gov
Kenneth,Perkins,382-(667)122-9880,kperkinsbt@census.gov
Karen,Lawson,62-(470)487-7962,klawsonbu@wordpress.com
Arthur,Simmons,7-(441)252-1659,asimmonsbv@gizmodo.com
William,Wheeler,218-(610)348-8378,wwheelerbw@wix.com
Sandra,Moreno,62-(736)976-7791,smorenobx@soundcloud.com
Steven,Burke,86-(200)160-8724,sburkeby@addtoany.com
Nicole,Baker,62-(767)208-7160,nbakerbz@etsy.com
Pamela,Black,86-(829)551-7932,pblackc0@washingtonpost.com
Norma,Hanson,976-(471)291-8025,nhansonc1@jugem.jp
Jason,Mcdonald,380-(653)946-9470,jmcdonaldc2@huffingtonpost.com
Willie,Washington,977-(431)975-0353,wwashingtonc3@mail.ru
Karen,Daniels,63-(244)231-5456,kdanielsc4@digg.com
Brian,Medina,63-(123)450-3359,bmedinac5@biblegateway.com
Eugene,Kennedy,48-(545)868-4943,ekennedyc6@mediafire.com
Roger,Russell,62-(418)780-8789,rrussellc7@cocolog-nifty.com
Alice,Riley,86-(664)393-8951,arileyc8@nyu.edu
Peter,Boyd,7-(957)688-2569,pboydc9@google.nl
Philip,Stevens,63-(985)200-3312,pstevensca@mac.com
Scott,Duncan,55-(699)958-3879,sduncancb@myspace.com
Bobby,Flores,62-(830)935-6381,bflorescc@studiopress.com
Pamela,Crawford,86-(455)365-1433,pcrawfordcd@unesco.org
Roy,Washington,86-(641)797-2303,rwashingtonce@yolasite.com
Ruby,Arnold,7-(751)390-5457,rarnoldcf@time.com
Justin,Garza,55-(531)429-1412,jgarzacg@360.cn
Amy,Porter,1-(150)511-3469,aporterch@hud.gov
Marie,Jenkins,375-(397)734-5870,mjenkinsci@epa.gov
Angela,Montgomery,86-(712)990-8119,amontgomerycj@reverbnation.com
Aaron,Allen,33-(474)427-2931,aallenck@wisc.edu
Kathryn,Ramirez,48-(275)602-1962,kramirezcl@163.com
Rose,Ellis,62-(895)287-6878,relliscm@google.cn
Patricia,Payne,62-(495)588-8840,ppaynecn@samsung.com
Carolyn,Marshall,30-(245)447-3290,cmarshallco@godaddy.com
Jeffrey,Dean,63-(882)814-3260,jdeancp@psu.edu
Ruby,Moreno,63-(877)305-8328,rmorenocq@addtoany.com
Kelly,Fisher,86-(836)713-1961,kfishercr@technorati.com
Chris,Murray,852-(962)262-3652,cmurraycs@vinaora.com
Christina,Duncan,62-(470)241-1392,cduncanct@netlog.com
Evelyn,Matthews,63-(391)495-7489,ematthewscu@noaa.gov
Andrew,Castillo,7-(234)785-3334,acastillocv@plala.or.jp
Norma,Murphy,66-(366)952-1816,nmurphycw@nifty.com
Fred,Ryan,505-(739)982-6173,fryancx@jiathis.com
Dennis,Hawkins,86-(709)864-0977,dhawkinscy@lulu.com
Roger,Rodriguez,86-(289)904-8246,rrodriguezcz@studiopress.com
Phillip,Sanchez,62-(909)480-6395,psanchezd0@newsvine.com
Albert,Ruiz,86-(896)323-7485,aruizd1@google.fr
Linda,Rice,212-(460)680-2278,lriced2@google.pl
Jane,Rice,62-(993)798-6591,jriced3@mozilla.com
Annie,Dean,375-(954)918-1099,adeand4@usda.gov
Steven,Campbell,242-(438)548-3010,scampbelld5@sphinn.com
Robin,Ray,506-(629)326-4662,rrayd6@hp.com
Joshua,Henry,51-(627)641-1831,jhenryd7@etsy.com
Evelyn,Fowler,86-(362)337-5824,efowlerd8@clickbank.net
Dennis,Ray,504-(445)230-9535,drayd9@themeforest.net
John,Allen,52-(190)825-9835,jallenda@admin.ch
Dorothy,Graham,48-(822)528-1677,dgrahamdb@tumblr.com
Laura,Torres,46-(130)606-2198,ltorresdc@cpanel.net
Robert,Wheeler,7-(124)695-5694,rwheelerdd@engadget.com
Julia,Washington,62-(817)432-6163,jwashingtonde@umn.edu
Sara,Henry,351-(159)879-7626,shenrydf@about.me
William,Reed,33-(201)592-4252,wreeddg@reuters.com
Roger,Alexander,7-(340)698-0637,ralexanderdh@a8.net
Patrick,Jenkins,420-(941)518-9052,pjenkinsdi@creativecommons.org
Christopher,Robinson,62-(360)717-4907,crobinsondj@skype.com
Jacqueline,Alvarez,234-(233)323-5542,jalvarezdk@biblegateway.com
Melissa,Garrett,81-(238)824-1611,mgarrettdl@cloudflare.com
Thomas,Alexander,55-(445)253-0654,talexanderdm@yellowpages.com
Diane,Garza,63-(360)185-4160,dgarzadn@istockphoto.com
Joan,Washington,94-(400)141-7660,jwashingtondo@sphinn.com
Louise,Berry,385-(812)185-1455,lberrydp@webeden.co.uk
Juan,Gibson,355-(299)516-8036,jgibsondq@addtoany.com
Joe,Fowler,51-(408)230-1663,jfowlerdr@toplist.cz
Deborah,Owens,358-(465)677-1939,dowensds@people.com.cn
Judith,Perez,62-(971)190-4562,jperezdt@cocolog-nifty.com
Jeremy,Henry,81-(395)382-6872,jhenrydu@msu.edu
Kathy,Watson,52-(850)488-3271,kwatsondv@t-online.de
Maria,Armstrong,7-(925)266-6226,marmstrongdw@gov.uk
Beverly,Olson,63-(301)659-2866,bolsondx@fema.gov
Edward,Day,33-(479)161-3046,edaydy@state.gov
Benjamin,Fields,52-(940)177-1177,bfieldsdz@boston.com
Ashley,Russell,63-(642)736-0964,arusselle0@java.com
Rachel,Miller,1-(400)519-4574,rmillere1@tumblr.com
Tammy,Gutierrez,62-(398)211-4947,tgutierreze2@utexas.edu
Susan,Mcdonald,51-(560)758-7066,smcdonalde3@feedburner.com
Steven,West,7-(713)819-7614,sweste4@dailymail.co.uk
Virginia,Harris,420-(980)746-4968,vharrise5@nationalgeographic.com
Theresa,Hudson,264-(435)105-9671,thudsone6@pen.io
Amanda,Morales,7-(870)760-8720,amoralese7@examiner.com
Ralph,Garza,55-(743)458-9007,rgarzae8@engadget.com
Barbara,Collins,269-(157)242-3063,bcollinse9@discuz.net
Larry,Foster,86-(924)831-5003,lfosterea@godaddy.com
Russell,Mason,51-(270)644-6584,rmasoneb@infoseek.co.jp
Ernest,Russell,86-(699)415-6409,erussellec@wunderground.com
Martin,Snyder,380-(323)144-5865,msnydered@multiply.com
Christina,Bailey,63-(964)117-8877,cbaileyee@blogspot.com
Ryan,Turner,54-(113)107-4813,rturneref@google.nl
Christopher,Ward,63-(884)224-8122,cwardeg@chron.com
Kenneth,Rogers,86-(742)296-2296,krogerseh@webeden.co.uk
Steven,Austin,86-(401)445-2978,saustinei@sohu.com
Amy,Snyder,62-(243)280-5137,asnyderej@ucoz.ru
Arthur,Torres,223-(727)109-7769,atorresek@nationalgeographic.com
Gary,Crawford,351-(987)606-4621,gcrawfordel@pagesperso-orange.fr
Antonio,Mitchell,86-(653)983-7562,amitchellem@blogs.com
Janice,Ramirez,86-(123)372-1274,jramirezen@intel.com
Kelly,Cox,86-(720)602-0422,kcoxeo@ask.com
Sharon,Parker,86-(799)298-3577,sparkerep@etsy.com
Irene,Oliver,63-(266)548-2276,iolivereq@jigsy.com
Marie,Gardner,212-(934)995-0016,mgardnerer@qq.com
Walter,Wood,63-(880)158-4377,wwoodes@cargocollective.com
Cheryl,Moreno,81-(624)208-1410,cmorenoet@goo.gl
Harry,Kelly,226-(245)984-5037,hkellyeu@soundcloud.com
Henry,Lawson,55-(110)470-4355,hlawsonev@jigsy.com
Stephanie,Robinson,7-(403)584-8281,srobinsonew@sourceforge.net
Russell,Wallace,33-(423)703-0819,rwallaceex@pagesperso-orange.fr
Wayne,Tucker,64-(688)242-0853,wtuckerey@wunderground.com
Keith,Nguyen,7-(243)990-4859,knguyenez@homestead.com
Joan,Stevens,39-(446)717-7630,jstevensf0@barnesandnoble.com
Christopher,Snyder,212-(649)704-6736,csnyderf1@desdev.cn
David,Hicks,98-(654)975-1548,dhicksf2@hud.gov
Joan,Ray,351-(688)208-2253,jrayf3@biblegateway.com
Steve,Cunningham,234-(374)498-6510,scunninghamf4@techcrunch.com
Bruce,Garcia,232-(832)855-1263,bgarciaf5@multiply.com
Kelly,Holmes,66-(287)561-5053,kholmesf6@flavors.me
Paula,Carpenter,81-(512)554-3385,pcarpenterf7@phpbb.com
Judith,Hughes,30-(403)507-3059,jhughesf8@biglobe.ne.jp
Randy,Olson,370-(771)525-5738,rolsonf9@toplist.cz
Judy,Palmer,46-(740)254-9478,jpalmerfa@gravatar.com
Debra,Cunningham,86-(989)983-8381,dcunninghamfb@wix.com
Brian,Simmons,63-(791)415-7346,bsimmonsfc@google.nl
Melissa,Russell,1-(576)829-1077,mrussellfd@digg.com
Jacqueline,Moore,62-(406)795-2137,jmoorefe@netlog.com
Bruce,Austin,351-(477)754-8292,baustinff@oracle.com
Gary,Moore,237-(853)877-1255,gmoorefg@dmoz.org
Virginia,Wright,62-(736)384-2870,vwrightfh@dell.com
Anthony,King,351-(894)491-5720,akingfi@fda.gov
Emily,Collins,351-(323)456-9898,ecollinsfj@oakley.com
Eugene,Wright,86-(310)610-3235,ewrightfk@over-blog.com
Larry,Perkins,86-(213)146-3418,lperkinsfl@washington.edu
Lawrence,Morrison,93-(393)707-0481,lmorrisonfm@ocn.ne.jp
Kelly,Butler,63-(223)495-9658,kbutlerfn@netscape.com
Sara,Berry,86-(715)145-8790,sberryfo@booking.com
Jennifer,Harvey,81-(178)375-9726,jharveyfp@taobao.com
Juan,Burton,389-(843)144-6405,jburtonfq@statcounter.com
Carl,Romero,86-(458)420-2501,cromerofr@marriott.com
Willie,Bowman,30-(209)135-5996,wbowmanfs@howstuffworks.com
Amy,Bryant,54-(933)411-5636,abryantft@dedecms.com
Justin,Gilbert,20-(554)680-5253,jgilbertfu@shinystat.com
Annie,Marshall,7-(263)199-8208,amarshallfv@biblegateway.com
Jesse,Black,351-(958)457-5308,jblackfw@unc.edu
Jason,Romero,46-(502)770-3057,jromerofx@princeton.edu
Barbara,Butler,86-(423)937-9765,bbutlerfy@berkeley.edu
Ann,Stevens,86-(841)491-6712,astevensfz@yellowpages.com
John,Elliott,62-(332)788-3049,jelliottg0@spiegel.de
Raymond,Green,380-(583)988-2073,rgreeng1@a8.net
Roy,Austin,1-(202)643-9928,rausting2@ebay.co.uk
Juan,Morales,33-(640)229-2443,jmoralesg3@vimeo.com
Todd,Warren,1-(203)660-9735,twarreng4@yellowbook.com
Mark,Meyer,224-(256)821-7440,mmeyerg5@wiley.com
Brandon,Wallace,55-(446)707-8393,bwallaceg6@independent.co.uk
Mildred,Griffin,48-(141)588-8164,mgriffing7@rakuten.co.jp
Juan,Fernandez,234-(445)930-3624,jfernandezg8@nytimes.com
Robin,Olson,86-(628)473-8969,rolsong9@xinhuanet.com
Elizabeth,Medina,255-(408)786-7378,emedinaga@noaa.gov
Joe,Sims,64-(183)975-3518,jsimsgb@reddit.com
Joe,Rivera,48-(502)908-4786,jriveragc@nih.gov
Denise,Lewis,62-(963)302-6418,dlewisgd@wordpress.org
Julia,Nguyen,62-(443)957-9550,jnguyenge@shop-pro.jp
Cynthia,Rogers,86-(839)559-1771,crogersgf@php.net
Bobby,Elliott,63-(741)749-6967,belliottgg@ovh.net
Eugene,Hill,7-(533)269-7594,ehillgh@discovery.com
Patrick,Bradley,55-(630)472-8399,pbradleygi@gov.uk
Jennifer,Myers,48-(390)299-9379,jmyersgj@linkedin.com
Gary,Garcia,46-(145)161-9924,ggarciagk@sourceforge.net
Kelly,West,34-(600)607-7845,kwestgl@a8.net
Sara,Payne,52-(948)101-2433,spaynegm@symantec.com
Victor,Lopez,46-(253)724-5456,vlopezgn@springer.com
Marilyn,Payne,7-(874)565-5640,mpaynego@weibo.com
Ernest,Little,234-(351)503-8824,elittlegp@adobe.com
Katherine,Miller,62-(178)580-7452,kmillergq@buzzfeed.com
Joshua,Price,62-(177)753-7154,jpricegr@360.cn
John,Kelly,62-(583)538-5064,jkellygs@phpbb.com
Debra,Perkins,967-(984)421-4025,dperkinsgt@zimbio.com
Tammy,Johnson,7-(168)491-5560,tjohnsongu@sitemeter.com
Todd,Hernandez,53-(977)588-7406,thernandezgv@japanpost.jp
Lisa,Davis,507-(213)982-5132,ldavisgw@alibaba.com
Martin,Long,51-(694)333-3457,mlonggx@dailymotion.com
James,Sanchez,504-(930)499-2883,jsanchezgy@4shared.com
Jason,Berry,46-(454)978-0596,jberrygz@bing.com
Robert,Perkins,52-(774)361-9472,rperkinsh0@myspace.com
Ryan,Foster,52-(180)568-9496,rfosterh1@hud.gov
Carol,Bailey,7-(905)703-8583,cbaileyh2@com.com
Susan,Harrison,86-(647)869-0957,sharrisonh3@guardian.co.uk
Alice,Ford,233-(509)671-9078,afordh4@moonfruit.com
Fred,Montgomery,355-(278)697-9859,fmontgomeryh5@businesswire.com
Carol,Martin,86-(562)765-9655,cmartinh6@java.com
Margaret,Pierce,234-(508)203-0470,mpierceh7@smugmug.com
Mary,West,63-(383)691-7231,mwesth8@hc360.com
Donna,Matthews,352-(541)953-3412,dmatthewsh9@dagondesign.com
Robert,Lane,48-(140)360-6597,rlaneha@usgs.gov
Virginia,Rogers,86-(175)865-5709,vrogershb@imdb.com
Ronald,Williamson,250-(494)436-7862,rwilliamsonhc@wordpress.org
Albert,Kelley,962-(344)640-7208,akelleyhd@gravatar.com
Antonio,Ward,86-(459)599-6786,awardhe@symantec.com
William,Little,86-(864)893-8196,wlittlehf@php.net
Amanda,Mason,855-(793)701-1859,amasonhg@nba.com
Judith,Morris,33-(609)773-4574,jmorrishh@123-reg.co.uk
Helen,Flores,212-(625)338-7650,hfloreshi@pcworld.com
Patrick,Gordon,33-(588)453-4590,pgordonhj@dyndns.org
Benjamin,Daniels,381-(973)826-6234,bdanielshk@chronoengine.com
Terry,Miller,86-(526)954-0102,tmillerhl@edublogs.org
Lawrence,Mills,86-(692)536-0511,lmillshm@mapy.cz
Kenneth,Bailey,20-(163)782-1356,kbaileyhn@mlb.com
Willie,Rogers,52-(960)939-2440,wrogersho@youtu.be
Carol,Walker,55-(767)930-3212,cwalkerhp@miitbeian.gov.cn
Ann,Freeman,351-(857)914-7949,afreemanhq@marriott.com
Walter,Banks,55-(259)629-8860,wbankshr@so-net.ne.jp
Martha,Dixon,972-(589)158-1556,mdixonhs@ocn.ne.jp
Andrew,Porter,62-(351)932-1193,aporterht@deviantart.com
Helen,Cook,62-(253)804-3720,hcookhu@parallels.com
Victor,Knight,223-(215)128-5310,vknighthv@pen.io
Steven,James,967-(854)918-5381,sjameshw@weibo.com
Andrew,Armstrong,688-(192)822-2486,aarmstronghx@networksolutions.com
Charles,Gonzales,54-(535)878-0905,cgonzaleshy@bloglines.com
Nancy,Ellis,86-(182)394-4447,nellishz@cbc.ca
Robert,Wood,1-(264)190-5568,rwoodi0@fastcompany.com
Diana,Garza,86-(771)192-2642,dgarzai1@123-reg.co.uk
Gregory,Dixon,86-(720)341-4729,gdixoni2@bing.com
Alice,Phillips,86-(413)617-4857,aphillipsi3@apache.org
Marilyn,Stanley,86-(668)670-0724,mstanleyi4@sohu.com
Arthur,Warren,63-(638)661-6679,awarreni5@ebay.co.uk
Teresa,Gonzales,86-(605)548-7726,tgonzalesi6@sphinn.com
Donald,Barnes,7-(742)384-4311,dbarnesi7@example.com
Katherine,Lawson,963-(880)669-4146,klawsoni8@hibu.com
Anna,Gray,86-(798)503-3606,agrayi9@blinklist.com
Ernest,King,57-(523)793-5268,ekingia@youtube.com
Gary,Wallace,258-(390)313-2020,gwallaceib@bloomberg.com
Patrick,Roberts,244-(954)432-3416,probertsic@opera.com
Lois,Palmer,1-(249)969-5079,lpalmerid@shop-pro.jp
Kathy,Mills,351-(568)895-7830,kmillsie@google.cn
Gary,Perez,62-(854)366-2998,gperezif@gizmodo.com
Paula,Alexander,62-(661)541-8109,palexanderig@hc360.com
Kathy,Gonzalez,86-(109)513-9135,kgonzalezih@paypal.com
Kathryn,Burns,33-(636)652-5754,kburnsii@ask.com
Dorothy,Clark,63-(517)795-5420,dclarkij@instagram.com
Raymond,Garza,30-(492)294-1952,rgarzaik@nhs.uk
Sandra,Smith,27-(157)942-8215,ssmithil@liveinternet.ru
Juan,Moreno,33-(526)616-4259,jmorenoim@businesswire.com
Arthur,Barnes,55-(231)837-6779,abarnesin@google.ca
Jeremy,Watson,86-(345)967-6886,jwatsonio@51.la
Bonnie,Hayes,265-(203)650-5972,bhayesip@ibm.com
Linda,Walker,86-(556)534-2521,lwalkeriq@xinhuanet.com
Johnny,Gilbert,380-(550)307-3440,jgilbertir@friendfeed.com
Michelle,Reid,970-(267)369-9038,mreidis@1688.com
Helen,Chapman,86-(425)996-3090,hchapmanit@princeton.edu
Joyce,Cooper,46-(985)151-5243,jcooperiu@prlog.org
Amanda,Weaver,351-(138)108-5561,aweaveriv@aol.com
Alice,Dean,1-(305)838-9361,adeaniw@devhub.com
Doris,Rodriguez,48-(217)701-5993,drodriguezix@intel.com
Louis,Wagner,66-(168)308-8990,lwagneriy@princeton.edu
Johnny,Mendoza,86-(289)298-6237,jmendozaiz@wordpress.com
Lillian,Medina,381-(504)809-8457,lmedinaj0@ifeng.com
Antonio,Black,7-(582)751-6644,ablackj1@photobucket.com
Scott,Edwards,66-(626)279-0370,sedwardsj2@marketwatch.com
Louis,Garrett,62-(952)628-3194,lgarrettj3@mapy.cz
Debra,Wilson,996-(526)390-8510,dwilsonj4@arstechnica.com
Eugene,Murphy,62-(991)155-0727,emurphyj5@gmpg.org
Tammy,Stevens,86-(509)644-8673,tstevensj6@netvibes.com
Jose,Wright,55-(483)164-3972,jwrightj7@theatlantic.com
Jacqueline,Payne,62-(580)211-6135,jpaynej8@soup.io
Ernest,West,46-(568)162-8134,ewestj9@answers.com
Anne,Banks,66-(348)133-7698,abanksja@un.org
Ralph,Griffin,86-(650)905-4016,rgriffinjb@time.com
Stephanie,Dean,1-(937)161-0777,sdeanjc@1und1.de
Lisa,Gonzales,86-(975)454-5919,lgonzalesjd@youtu.be
Robin,Snyder,62-(611)841-8775,rsnyderje@nifty.com
Scott,Watson,234-(442)568-8514,swatsonjf@ifeng.com
Christopher,Bowman,57-(988)240-8985,cbowmanjg@uiuc.edu
Ernest,Graham,86-(173)284-4792,egrahamjh@tmall.com
Jeremy,Cook,267-(640)853-4195,jcookji@hexun.com
Karen,Day,420-(504)754-1208,kdayjj@sakura.ne.jp
Anna,Collins,7-(767)552-0661,acollinsjk@cam.ac.uk
Donna,Chapman,49-(112)238-6180,dchapmanjl@w3.org
Charles,Palmer,62-(617)511-1551,cpalmerjm@msu.edu
Earl,Bradley,1-(448)442-1836,ebradleyjn@prnewswire.com
David,Price,86-(217)600-7664,dpricejo@clickbank.net
Beverly,Lane,86-(134)638-5736,blanejp@icio.us
Jeffrey,Perkins,86-(552)174-4315,jperkinsjq@linkedin.com
Robert,Bell,52-(401)586-7099,rbelljr@foxnews.com
Fred,Young,1-(254)775-4297,fyoungjs@instagram.com
Shawn,Chavez,51-(605)547-1008,schavezjt@indiegogo.com
Deborah,Fowler,51-(288)613-2476,dfowlerju@elpais.com
Steve,Fowler,86-(225)196-5839,sfowlerjv@ifeng.com
Arthur,Anderson,7-(184)753-7359,aandersonjw@vinaora.com
Paul,Lane,62-(239)468-1065,planejx@sourceforge.net
Jonathan,Little,86-(545)807-7665,jlittlejy@taobao.com
Kathy,Cruz,86-(464)315-5205,kcruzjz@ucla.edu
David,Ellis,7-(954)892-5230,dellisk0@newyorker.com
Jessica,Wood,51-(402)752-2474,jwoodk1@jiathis.com
Carl,Collins,55-(946)251-3699,ccollinsk2@eventbrite.com
Randy,Clark,86-(446)357-1335,rclarkk3@mapy.cz
Diana,Reid,57-(540)617-6540,dreidk4@instagram.com
Benjamin,James,86-(793)522-6792,bjamesk5@un.org
Earl,Morales,7-(569)429-6228,emoralesk6@mozilla.com
Peter,Richardson,1-(912)270-4268,prichardsonk7@microsoft.com
Jane,Knight,46-(980)535-2327,jknightk8@list-manage.com
Emily,Ford,63-(777)869-8690,efordk9@amazon.co.jp
Amanda,Harris,66-(358)884-4577,aharriska@acquirethisname.com
Anne,Myers,86-(248)402-3715,amyerskb@ameblo.jp
Jessica,Burke,385-(628)576-3772,jburkekc@dot.gov
Lisa,Martin,62-(768)984-6399,lmartinkd@washingtonpost.com
Ashley,Williamson,48-(170)319-4903,awilliamsonke@columbia.edu
Antonio,Flores,31-(505)269-5005,afloreskf@delicious.com
Lawrence,Morales,62-(639)741-8870,lmoraleskg@alexa.com
Anna,West,63-(420)813-5289,awestkh@mediafire.com
Mark,Dixon,86-(255)306-4801,mdixonki@discuz.net
Jerry,Dean,54-(689)763-0735,jdeankj@guardian.co.uk
Brian,Foster,81-(814)913-7880,bfosterkk@geocities.com
Ruby,Gutierrez,1-(626)434-1539,rgutierrezkl@meetup.com
Jonathan,Marshall,60-(163)646-2375,jmarshallkm@europa.eu
Sandra,Cox,63-(682)635-5724,scoxkn@yelp.com
Ernest,Gray,86-(858)584-1958,egrayko@sciencedirect.com
Howard,Allen,86-(182)953-0066,hallenkp@cbslocal.com
Donna,Montgomery,86-(858)475-4899,dmontgomerykq@reuters.com
George,Watkins,86-(717)725-7587,gwatkinskr@cmu.edu
Beverly,Knight,86-(845)161-7356,bknightks@shareasale.com
Jacqueline,Hill,62-(104)995-4378,jhillkt@yellowpages.com
Christine,Anderson,92-(100)376-0113,candersonku@psu.edu
Sharon,Webb,47-(535)981-4315,swebbkv@t.co
Jeffrey,Banks,86-(967)743-3597,jbankskw@weather.com
Carlos,Hernandez,355-(238)141-1685,chernandezkx@nhs.uk
Betty,Robertson,62-(384)213-5312,brobertsonky@fc2.com
Paula,Meyer,55-(732)597-6585,pmeyerkz@feedburner.com
Norma,Richards,48-(686)647-8938,nrichardsl0@baidu.com
Sean,Chapman,86-(724)113-3165,schapmanl1@whitehouse.gov
Sarah,Welch,48-(639)395-2317,swelchl2@nba.com
Frances,Dean,1-(212)641-7272,fdeanl3@columbia.edu
Jeremy,Cooper,351-(299)310-9914,jcooperl4@symantec.com
Jonathan,Wells,62-(936)600-8568,jwellsl5@behance.net
Dennis,Dunn,95-(667)601-1435,ddunnl6@virginia.edu
Marilyn,Roberts,86-(705)713-3125,mrobertsl7@google.ca
Tammy,Mccoy,33-(984)979-8787,tmccoyl8@skype.com
Kathleen,Bowman,62-(564)151-2242,kbowmanl9@washingtonpost.com
Margaret,Hayes,86-(709)959-2882,mhayesla@google.pl
Andrew,Ellis,32-(536)341-8256,aellislb@unicef.org
Richard,Peterson,62-(243)218-0846,rpetersonlc@hao123.com
Evelyn,Howell,502-(740)536-1575,ehowellld@baidu.com
Jack,Peterson,46-(918)677-2895,jpetersonle@un.org
Nancy,Banks,51-(155)981-9312,nbankslf@e-recht24.de
Harold,Frazier,86-(844)125-9635,hfrazierlg@bigcartel.com
Carol,Elliott,420-(776)864-8455,celliottlh@seattletimes.com
Barbara,Chavez,63-(518)595-3042,bchavezli@msu.edu
Michael,Cunningham,374-(115)117-6590,mcunninghamlj@ebay.co.uk
Doris,Larson,7-(146)695-0287,dlarsonlk@eepurl.com
Julie,Gilbert,86-(125)279-4847,jgilbertll@imdb.com
Lisa,Roberts,48-(593)794-6274,lrobertslm@vimeo.com
Lisa,Payne,62-(278)277-1426,lpayneln@tumblr.com
Bonnie,Fields,1-(919)559-0456,bfieldslo@statcounter.com
Arthur,Powell,86-(920)620-4789,apowelllp@aol.com
Kenneth,Bell,86-(242)195-0725,kbelllq@flickr.com
Jeffrey,Lawrence,380-(252)113-3788,jlawrencelr@earthlink.net
Annie,Richardson,62-(824)666-4628,arichardsonls@whitehouse.gov
Jennifer,Montgomery,502-(204)750-9238,jmontgomerylt@earthlink.net
Susan,Lawrence,33-(369)310-8663,slawrencelu@earthlink.net
Paul,Castillo,98-(471)890-8500,pcastillolv@wix.com
Peter,Garcia,850-(257)513-3812,pgarcialw@linkedin.com
Raymond,Warren,46-(188)303-0191,rwarrenlx@tinypic.com
Richard,Peters,62-(972)634-6778,rpetersly@example.com
Kathryn,Brooks,33-(378)617-3050,kbrookslz@mit.edu
Annie,Stone,81-(534)978-2716,astonem0@youku.com
Julie,Martin,86-(740)858-2468,jmartinm1@wikia.com
Jennifer,Rose,55-(376)372-2532,jrosem2@nsw.gov.au
Ann,Cruz,62-(992)398-8127,acruzm3@printfriendly.com
Sarah,Spencer,62-(880)413-9746,sspencerm4@businesswire.com
Sarah,Riley,62-(921)853-3408,srileym5@diigo.com
George,Wallace,86-(609)450-8474,gwallacem6@howstuffworks.com
Irene,Murray,63-(683)236-1233,imurraym7@biglobe.ne.jp
Peter,Gonzalez,86-(118)932-8837,pgonzalezm8@photobucket.com
Jimmy,Nichols,380-(124)251-2186,jnicholsm9@indiegogo.com
Johnny,Olson,993-(600)129-4861,jolsonma@addtoany.com
Diane,Moreno,62-(960)534-7926,dmorenomb@spotify.com
Joan,Graham,86-(789)863-6091,jgrahammc@ask.com
David,Stewart,7-(215)932-4174,dstewartmd@myspace.com
Irene,King,374-(225)491-9986,ikingme@yale.edu
Lois,Greene,375-(292)261-2075,lgreenemf@ucoz.com
Wayne,West,52-(565)880-2977,wwestmg@ameblo.jp
Debra,Hunt,370-(490)311-0710,dhuntmh@nydailynews.com
Jerry,Richardson,1-(201)935-0460,jrichardsonmi@adobe.com
Craig,Powell,95-(515)172-7861,cpowellmj@free.fr
Tina,Ross,63-(253)414-0957,trossmk@businessweek.com
Jeremy,Washington,351-(912)213-0447,jwashingtonml@mail.ru
Jane,Garza,351-(300)622-0765,jgarzamm@cbsnews.com
Ruth,Parker,63-(107)459-3466,rparkermn@hhs.gov
Patricia,James,57-(552)124-7713,pjamesmo@wufoo.com
Richard,Carter,62-(216)928-5355,rcartermp@miitbeian.gov.cn
Catherine,King,48-(591)899-4573,ckingmq@4shared.com
Rose,Alvarez,86-(535)544-5349,ralvarezmr@digg.com
Pamela,Cole,62-(997)909-9294,pcolems@techcrunch.com
Phillip,Foster,976-(492)960-8922,pfostermt@illinois.edu
Shawn,Mcdonald,62-(643)783-3031,smcdonaldmu@narod.ru
Charles,Cook,7-(240)398-3258,ccookmv@disqus.com
Joan,Mccoy,351-(750)628-4199,jmccoymw@nifty.com
Philip,Freeman,386-(157)978-1482,pfreemanmx@multiply.com
Donald,Bishop,86-(155)372-0175,dbishopmy@archive.org
Jacqueline,Mccoy,46-(135)224-8456,jmccoymz@reverbnation.com
Joe,Ramirez,86-(777)593-2071,jramirezn0@latimes.com
Christine,Ferguson,30-(707)661-0858,cfergusonn1@amazonaws.com
Phyllis,Webb,62-(840)252-9317,pwebbn2@mysql.com
Donald,Wheeler,62-(310)268-5490,dwheelern3@pagesperso-orange.fr
Louise,Hanson,420-(164)758-7318,lhansonn4@twitter.com
Ryan,Duncan,7-(407)230-4469,rduncann5@nih.gov
Patricia,Peters,7-(840)677-2875,ppetersn6@live.com
Heather,Ruiz,63-(862)136-8191,hruizn7@google.co.uk
Lawrence,Reed,86-(209)977-4271,lreedn8@shinystat.com
Ronald,Parker,52-(187)461-4999,rparkern9@nature.com
Jesse,Rogers,7-(260)880-8343,jrogersna@bloglines.com
Juan,Montgomery,86-(867)835-5197,jmontgomerynb@imdb.com
Richard,Perez,220-(399)768-1271,rpereznc@linkedin.com
Mark,Robinson,420-(415)263-2052,mrobinsonnd@telegraph.co.uk
Barbara,Gardner,963-(124)108-3436,bgardnerne@mozilla.org
Wanda,Lawson,964-(905)587-7896,wlawsonnf@berkeley.edu
Marilyn,Brooks,48-(937)601-3596,mbrooksng@microsoft.com
Nicholas,Burton,351-(609)905-9011,nburtonnh@irs.gov
Billy,Reyes,55-(674)143-2349,breyesni@list-manage.com
Walter,Lopez,47-(115)604-5748,wlopeznj@woothemes.com
Harry,Wood,54-(420)473-8576,hwoodnk@behance.net
Kenneth,Hernandez,86-(687)628-8741,khernandeznl@w3.org
Diane,Wood,62-(647)389-7747,dwoodnm@webs.com
Evelyn,Martinez,380-(254)676-7045,emartineznn@dmoz.org
Amy,Reed,62-(612)935-6020,areedno@apache.org
Elizabeth,Rose,507-(848)804-9623,erosenp@usa.gov
Harold,Weaver,46-(285)728-7758,hweavernq@artisteer.com
Wanda,Peterson,62-(631)205-9636,wpetersonnr@alexa.com
Nancy,Howard,86-(261)129-3349,nhowardns@hexun.com
Denise,Carroll,62-(156)777-6887,dcarrollnt@cmu.edu
Alice,Fuller,352-(698)561-1610,afullernu@wisc.edu
Peter,Moreno,86-(945)233-7591,pmorenonv@blogtalkradio.com
Gregory,Carroll,63-(320)155-4024,gcarrollnw@theguardian.com
Clarence,Olson,86-(147)116-0672,colsonnx@dedecms.com
Larry,Smith,963-(526)979-4310,lsmithny@fc2.com
Thomas,Bowman,1-(709)136-3287,tbowmannz@flickr.com
Louise,Dunn,967-(996)702-7408,ldunno0@google.com.hk
Steven,Marshall,420-(807)884-6352,smarshallo1@toplist.cz
Nancy,Williams,48-(796)780-0875,nwilliamso2@rambler.ru
Eric,Carr,84-(366)754-4851,ecarro3@tiny.cc
Edward,Watson,62-(939)893-1295,ewatsono4@cnet.com
Jeremy,Marshall,93-(423)370-9810,jmarshallo5@spotify.com
Wayne,Olson,54-(919)223-1207,wolsono6@github.com
Phillip,Morrison,48-(613)508-4850,pmorrisono7@51.la
Carol,Graham,51-(878)843-8472,cgrahamo8@is.gd
Clarence,Crawford,254-(715)203-1955,ccrawfordo9@alexa.com
Irene,Martinez,370-(797)270-3803,imartinezoa@hhs.gov
Adam,Grant,86-(793)112-7177,agrantob@weather.com
Teresa,Rogers,86-(621)167-8422,trogersoc@salon.com
Christine,Ramirez,234-(547)743-4665,cramirezod@indiegogo.com
Doris,Powell,380-(974)853-6007,dpowelloe@elegantthemes.com
Kathryn,Morrison,48-(651)451-7821,kmorrisonof@hostgator.com
Arthur,Gutierrez,351-(852)884-1991,agutierrezog@prweb.com
Rachel,Castillo,967-(341)838-4017,rcastillooh@nasa.gov
Sara,Hughes,86-(856)857-6823,shughesoi@goodreads.com
Katherine,Hudson,506-(915)619-9323,khudsonoj@amazon.co.jp
Brandon,Turner,963-(454)998-1054,bturnerok@bloglines.com
Henry,Schmidt,86-(294)492-7346,hschmidtol@over-blog.com
Ruby,Lewis,46-(742)822-9402,rlewisom@salon.com
Laura,Adams,86-(562)643-7469,ladamson@smh.com.au
Heather,Ramirez,55-(570)541-8049,hramirezoo@blinklist.com
Fred,Greene,86-(160)603-9944,fgreeneop@spotify.com
Jimmy,Nichols,62-(364)581-7795,jnicholsoq@netvibes.com
Keith,Hawkins,62-(116)893-1390,khawkinsor@biglobe.ne.jp
Teresa,Hansen,380-(851)354-5095,thansenos@msu.edu
Theresa,Mendoza,1-(303)370-9321,tmendozaot@macromedia.com
Stephen,Fields,48-(814)989-7566,sfieldsou@xrea.com
Louise,Olson,86-(660)517-3771,lolsonov@a8.net
Joan,Wells,33-(411)247-1773,jwellsow@symantec.com
Judith,Henderson,93-(650)369-0740,jhendersonox@blog.com
Dorothy,Schmidt,48-(329)480-9370,dschmidtoy@guardian.co.uk
Diana,Miller,502-(702)836-2360,dmilleroz@webeden.co.uk
Charles,Medina,86-(438)971-4014,cmedinap0@ovh.net
Edward,Davis,970-(802)993-0967,edavisp1@bbb.org
Jack,Olson,86-(635)572-8996,jolsonp2@google.it
Eric,Ramirez,218-(966)905-0361,eramirezp3@amazon.co.jp
Ryan,Rodriguez,420-(448)919-2468,rrodriguezp4@prnewswire.com
Joyce,Black,57-(931)744-8518,jblackp5@behance.net
Willie,Wagner,20-(998)894-7261,wwagnerp6@creativecommons.org
Susan,Hudson,380-(981)350-4293,shudsonp7@weebly.com
Phyllis,Hawkins,51-(499)534-5366,phawkinsp8@360.cn
Matthew,Walker,57-(641)575-1260,mwalkerp9@chron.com
Terry,Clark,7-(562)378-8161,tclarkpa@csmonitor.com
Kimberly,Ortiz,86-(338)929-9338,kortizpb@dailymotion.com
Matthew,Burke,55-(104)551-6694,mburkepc@skyrock.com
Benjamin,Lane,86-(168)412-7050,blanepd@ebay.com
Thomas,Knight,1-(425)439-6483,tknightpe@soundcloud.com
Alan,Bailey,351-(871)512-6150,abaileypf@illinois.edu
Beverly,Carter,63-(551)100-3224,bcarterpg@java.com
Gary,Boyd,86-(205)498-1399,gboydph@tmall.com
Adam,Weaver,86-(583)996-8394,aweaverpi@accuweather.com
Steve,Gardner,351-(376)892-6391,sgardnerpj@archive.org
Ruby,Sims,63-(709)304-0689,rsimspk@unesco.org
Michelle,Young,62-(143)975-1273,myoungpl@dmoz.org
Sarah,Richardson,66-(431)730-6008,srichardsonpm@sphinn.com
Daniel,George,86-(405)338-5461,dgeorgepn@psu.edu
Patrick,Ellis,86-(428)150-4311,pellispo@usgs.gov
Peter,Larson,86-(936)901-4100,plarsonpp@fc2.com
Howard,Black,30-(728)665-9643,hblackpq@globo.com
Marie,Reynolds,86-(720)606-4700,mreynoldspr@miitbeian.gov.cn
Albert,Mitchell,86-(972)128-3550,amitchellps@pen.io
Martin,Lee,234-(734)381-4356,mleept@microsoft.com
Michelle,Ryan,43-(551)551-7732,mryanpu@imageshack.us
Gary,Stephens,62-(103)252-0991,gstephenspv@walmart.com
Gerald,Reyes,269-(769)409-4516,greyespw@goo.ne.jp
Craig,Montgomery,46-(200)874-8180,cmontgomerypx@dailymail.co.uk
Diana,Cruz,351-(242)522-8836,dcruzpy@sun.com
Christina,Miller,48-(495)664-6288,cmillerpz@cpanel.net
Michael,Riley,86-(888)297-8396,mrileyq0@hc360.com
Nicole,Gomez,63-(701)836-5486,ngomezq1@economist.com
Gerald,Mendoza,81-(666)350-2653,gmendozaq2@hp.com
Laura,Butler,1-(717)222-9561,lbutlerq3@state.tx.us
Dennis,Knight,45-(904)215-7138,dknightq4@time.com
Lillian,Dunn,86-(280)702-6611,ldunnq5@issuu.com
Gerald,Mcdonald,7-(202)896-2773,gmcdonaldq6@dyndns.org
Gerald,Flores,86-(696)647-8289,gfloresq7@hibu.com
Gloria,Weaver,92-(792)240-2160,gweaverq8@webs.com
Kelly,Gonzalez,351-(393)111-3253,kgonzalezq9@yelp.com
Ryan,Edwards,7-(292)886-4424,redwardsqa@friendfeed.com
Kevin,Bryant,86-(838)418-6059,kbryantqb@apple.com
Arthur,Pierce,86-(157)256-2685,apierceqc@zdnet.com
Aaron,Bennett,86-(312)701-3071,abennettqd@ezinearticles.com
Gerald,Smith,358-(216)913-6014,gsmithqe@livejournal.com
Katherine,Watson,965-(526)798-8432,kwatsonqf@cpanel.net
Maria,Mitchell,963-(656)924-0866,mmitchellqg@howstuffworks.com
Shawn,Bennett,234-(473)283-1779,sbennettqh@hibu.com
Donald,Banks,358-(446)970-9669,dbanksqi@unesco.org
Shirley,Chavez,63-(238)196-5442,schavezqj@linkedin.com
Timothy,Grant,60-(933)516-4986,tgrantqk@squidoo.com
Donald,Franklin,81-(601)375-0494,dfranklinql@seesaa.net
Rachel,Taylor,46-(483)370-0612,rtaylorqm@delicious.com
Sara,Morrison,86-(357)114-2052,smorrisonqn@umich.edu
Jane,Henry,62-(176)984-3351,jhenryqo@berkeley.edu
Ronald,Webb,86-(428)290-8876,rwebbqp@china.com.cn
Gregory,Sullivan,267-(430)933-8185,gsullivanqq@buzzfeed.com
Ernest,Hall,62-(581)470-1119,ehallqr@google.com.au
David,Jordan,86-(691)532-6383,djordanqs@qq.com
Timothy,Willis,380-(970)869-3316,twillisqt@theglobeandmail.com
Helen,Hunt,55-(774)194-0760,hhuntqu@eepurl.com
Alice,Miller,84-(820)150-7904,amillerqv@who.int
Bonnie,Wagner,62-(166)901-8535,bwagnerqw@wiley.com
William,Morgan,86-(965)174-6895,wmorganqx@ocn.ne.jp
Paula,Gardner,993-(552)102-8933,pgardnerqy@amazon.co.jp
Kathryn,Johnson,86-(817)679-5829,kjohnsonqz@goo.ne.jp
Craig,Daniels,380-(852)409-3523,cdanielsr0@friendfeed.com
Kimberly,Turner,51-(298)547-2357,kturnerr1@discovery.com
Linda,Hall,86-(689)375-8048,lhallr2@histats.com
Beverly,Graham,86-(814)565-9519,bgrahamr3@ocn.ne.jp
Andrea,Ward,55-(136)648-2274,awardr4@bloglovin.com
Jessica,Gomez,34-(366)804-0489,jgomezr5@bluehost.com
Jonathan,Campbell,381-(493)533-3513,jcampbellr6@google.it
Alan,Burke,86-(304)396-2483,aburker7@nymag.com
Bobby,Jacobs,46-(380)186-5467,bjacobsr8@globo.com
Nancy,Sims,1-(218)314-9278,nsimsr9@cpanel.net
Paul,Nelson,48-(645)144-6698,pnelsonra@google.nl
Howard,Ruiz,351-(966)723-1995,hruizrb@cloudflare.com
Janet,Burke,352-(832)626-6952,jburkerc@unblog.fr
Amanda,Hicks,353-(407)223-1240,ahicksrd@behance.net
Dennis,Black,880-(594)679-2423,dblackre@a8.net
George,Marshall,86-(889)529-1809,gmarshallrf@free.fr
Patricia,Reynolds,52-(296)679-8528,preynoldsrg@nifty.com
Jean,Howell,86-(489)172-2466,jhowellrh@odnoklassniki.ru
Jose,Matthews,62-(428)820-1754,jmatthewsri@liveinternet.ru
Joan,Wells,86-(680)240-6749,jwellsrj@aboutads.info
Diana,Kelly,1-(916)680-2367,dkellyrk@chron.com
Larry,Wagner,92-(238)863-1338,lwagnerrl@adobe.com
Scott,Barnes,381-(636)583-2609,sbarnesrm@paginegialle.it
Wanda,Banks,55-(227)769-4887,wbanksrn@networkadvertising.org
Catherine,Chavez,351-(433)172-6730,cchavezro@tamu.edu
Adam,Burns,380-(420)350-1599,aburnsrp@xing.com
Martin,Gilbert,20-(636)674-7195,mgilbertrq@ed.gov
Carl,Burton,228-(107)456-0274,cburtonrr@ftc.gov
