first_name,last_name,phone,email
Joseph,Jenkins,44-(373)575-9065,jjenkins0@tamu.edu
Theresa,Evans,86-(474)833-5689,tevans1@paypal.com
Theresa,Reyes,64-(605)691-9183,treyes2@msn.com
Jessica,Burke,216-(533)309-9793,jburke3@hostgator.com
Ashley,Johnson,591-(156)899-6972,ajohnson4@yolasite.com
Julie,Rodriguez,86-(169)385-8550,jrodriguez5@kickstarter.com
Cheryl,Ortiz,46-(450)269-3688,cortiz6@pinterest.com
Bobby,Griffin,57-(374)294-4919,bgriffin7@yellowbook.com
Louise,Bowman,234-(586)627-1709,lbowman8@ftc.gov
Lois,Ortiz,51-(135)465-8220,lortiz9@4shared.com
Larry,Ramirez,385-(647)506-8740,lramireza@blog.com
Johnny,Little,62-(926)485-3487,jlittleb@aol.com
Patrick,Sullivan,351-(464)174-1031,psullivanc@bbc.co.uk
Aaron,Diaz,46-(944)602-7529,adiazd@mac.com
Anna,Ford,353-(870)811-7088,aforde@ucsd.edu
Jose,Gordon,86-(765)451-4902,jgordonf@blogger.com
Judy,Wallace,63-(398)763-1731,jwallaceg@shop-pro.jp
Peter,White,33-(592)499-1516,pwhiteh@ask.com
Robert,Matthews,502-(835)977-5876,rmatthewsi@cornell.edu
Pamela,Wilson,46-(514)729-9064,pwilsonj@acquirethisname.com
Fred,Bailey,48-(274)520-9065,fbaileyk@squarespace.com
Clarence,Frazier,62-(253)418-2660,cfrazierl@rambler.ru
Martin,Hicks,53-(993)218-7792,mhicksm@wikipedia.org
Anna,Scott,30-(498)914-8619,ascottn@si.edu
Margaret,Bennett,256-(564)220-8999,mbennetto@lycos.com
Scott,Riley,351-(284)668-4163,srileyp@artisteer.com
Sara,Garza,46-(595)146-7954,sgarzaq@ft.com
Cynthia,Walker,373-(360)212-5396,cwalkerr@opera.com
Nicholas,Richards,1-(469)105-3314,nrichardss@google.co.jp
Jonathan,Baker,86-(755)462-8644,jbakert@ifeng.com
Anne,Powell,234-(700)419-8875,apowellu@ebay.co.uk
Helen,Carroll,972-(926)555-5913,hcarrollv@twitpic.com
Deborah,Armstrong,242-(420)300-2541,darmstrongw@tumblr.com
Todd,Richards,86-(568)301-1654,trichardsx@sourceforge.net
Mildred,Robertson,62-(272)569-9259,mrobertsony@weather.com
Beverly,Collins,7-(485)449-1737,bcollinsz@homestead.com
Ann,Evans,1-(252)422-5860,aevans10@microsoft.com
Julia,King,351-(972)929-1517,jking11@slate.com
Denise,Hill,48-(508)855-1364,dhill12@histats.com
Mildred,Day,86-(637)631-7986,mday13@nasa.gov
Jessica,Gordon,7-(465)849-1736,jgordon14@about.com
George,Wood,57-(332)395-0146,gwood15@linkedin.com
Lawrence,Lynch,255-(983)623-1851,llynch16@imageshack.us
Julie,Watkins,33-(683)676-3070,jwatkins17@google.it
Billy,Knight,1-(411)989-5980,bknight18@loc.gov
Sean,Shaw,976-(731)796-5895,sshaw19@china.com.cn
Louis,Price,62-(694)135-8448,lprice1a@scientificamerican.com
Gary,Stanley,62-(749)195-4725,gstanley1b@shinystat.com
Betty,Owens,1-(863)330-0322,bowens1c@alibaba.com
Patricia,Reid,46-(710)810-3111,preid1d@senate.gov
Lisa,Arnold,86-(392)817-0962,larnold1e@free.fr
Scott,Matthews,55-(954)159-4810,smatthews1f@sakura.ne.jp
Robert,Graham,389-(841)464-4848,rgraham1g@multiply.com
Cynthia,Harris,48-(703)259-6043,charris1h@wix.com
Johnny,Fisher,504-(743)241-6723,jfisher1i@spotify.com
Kevin,Fox,7-(855)847-9982,kfox1j@ameblo.jp
Angela,Freeman,7-(168)886-8105,afreeman1k@unicef.org
Marie,Hall,93-(694)617-7656,mhall1l@sitemeter.com
Rebecca,Hudson,86-(693)523-9004,rhudson1m@umn.edu
Richard,Perkins,86-(719)662-1373,rperkins1n@sun.com
Joe,Mendoza,86-(544)851-8143,jmendoza1o@forbes.com
Kathryn,Banks,62-(980)403-5637,kbanks1p@shop-pro.jp
Karen,Rivera,33-(242)927-8098,krivera1q@spotify.com
Deborah,Chavez,62-(886)150-0363,dchavez1r@ebay.com
Ruby,Jacobs,7-(977)746-9275,rjacobs1s@tripadvisor.com
Gary,Fuller,62-(733)407-7355,gfuller1t@fda.gov
David,Carroll,355-(584)959-7795,dcarroll1u@engadget.com
Wanda,Adams,372-(954)501-8807,wadams1v@cdbaby.com
Julia,Miller,86-(351)746-0401,jmiller1w@cdc.gov
Gloria,Johnson,48-(920)733-3170,gjohnson1x@miitbeian.gov.cn
Andrew,Fuller,55-(246)172-5799,afuller1y@godaddy.com
Heather,Owens,86-(499)485-4532,howens1z@opera.com
Joseph,Mills,54-(740)102-8830,jmills20@google.co.uk
Jesse,Boyd,57-(596)877-8295,jboyd21@storify.com
Benjamin,Bryant,86-(711)133-5302,bbryant22@miitbeian.gov.cn
Lawrence,Porter,691-(593)963-7753,lporter23@gravatar.com
Maria,Hall,86-(772)252-9979,mhall24@weibo.com
Angela,Reed,62-(112)483-8336,areed25@huffingtonpost.com
Annie,Gonzales,33-(842)970-7009,agonzales26@ifeng.com
Ruth,Webb,86-(106)733-8821,rwebb27@youtu.be
Judy,Wheeler,54-(753)140-0412,jwheeler28@wordpress.com
Gloria,Robinson,66-(180)619-3059,grobinson29@angelfire.com
Kevin,Olson,63-(861)201-8424,kolson2a@wunderground.com
Emily,Garcia,352-(179)673-3279,egarcia2b@opensource.org
Rebecca,Howell,48-(464)992-2761,rhowell2c@ucla.edu
Rachel,Bailey,993-(912)275-9801,rbailey2d@mtv.com
William,Gomez,692-(406)303-5385,wgomez2e@chronoengine.com
Andrea,Ferguson,86-(986)827-4640,aferguson2f@i2i.jp
Robert,Austin,86-(916)711-6835,raustin2g@wsj.com
Donald,Sanders,380-(598)202-9872,dsanders2h@techcrunch.com
Jerry,Hanson,52-(568)755-1366,jhanson2i@netscape.com
Cynthia,King,86-(532)648-1566,cking2j@issuu.com
Justin,Berry,62-(546)655-3230,jberry2k@yahoo.co.jp
Marie,Gordon,962-(703)616-6968,mgordon2l@hexun.com
Andrew,Montgomery,255-(543)870-5340,amontgomery2m@apple.com
Debra,Wood,86-(688)527-0680,dwood2n@archive.org
Timothy,Larson,63-(737)395-6731,tlarson2o@dagondesign.com
Craig,Vasquez,48-(830)534-5733,cvasquez2p@opensource.org
Chris,Butler,55-(448)226-3355,cbutler2q@washington.edu
Joshua,Henry,62-(115)867-9710,jhenry2r@tinypic.com
Lisa,Wright,255-(328)131-6872,lwright2s@prweb.com
Eric,Castillo,86-(296)162-4047,ecastillo2t@creativecommons.org
Aaron,Alexander,63-(973)353-2993,aalexander2u@newyorker.com
Tammy,Fuller,62-(595)298-6665,tfuller2v@amazon.co.jp
Lawrence,Cook,7-(361)733-7297,lcook2w@flavors.me
Edward,Butler,63-(435)227-2212,ebutler2x@opera.com
Randy,Ferguson,95-(194)886-6750,rferguson2y@nationalgeographic.com
Gregory,Carter,82-(312)790-8410,gcarter2z@epa.gov
Julie,Crawford,46-(137)698-2468,jcrawford30@myspace.com
Kathleen,Bryant,48-(622)798-4719,kbryant31@cisco.com
Christina,Brooks,1-(402)699-1158,cbrooks32@stanford.edu
Gregory,Torres,86-(145)755-0611,gtorres33@wikipedia.org
Patricia,Ellis,86-(251)567-9427,pellis34@miitbeian.gov.cn
Kimberly,Lawrence,380-(283)237-9701,klawrence35@taobao.com
Phyllis,Burton,62-(753)556-1564,pburton36@elpais.com
Heather,Gibson,63-(696)448-5813,hgibson37@amazon.co.uk
Debra,Lane,7-(545)802-1845,dlane38@1688.com
Ronald,Schmidt,62-(609)608-8250,rschmidt39@t.co
Shawn,Ruiz,420-(934)682-0498,sruiz3a@hud.gov
Angela,Jackson,502-(518)733-9801,ajackson3b@eventbrite.com
Clarence,Oliver,256-(629)445-4929,coliver3c@ifeng.com
Cheryl,Elliott,62-(822)425-8732,celliott3d@salon.com
Martin,Mcdonald,62-(418)420-6231,mmcdonald3e@whitehouse.gov
Stephanie,Oliver,7-(679)374-3769,soliver3f@biglobe.ne.jp
Brandon,Bradley,33-(851)418-3643,bbradley3g@e-recht24.de
Mildred,Jacobs,7-(829)474-8116,mjacobs3h@youtu.be
Harry,Burns,48-(594)207-0522,hburns3i@yahoo.com
Jennifer,Price,86-(446)863-6754,jprice3j@joomla.org
Theresa,Hamilton,46-(860)640-2043,thamilton3k@tinyurl.com
Judy,Robinson,385-(655)443-3437,jrobinson3l@newsvine.com
Jean,Mendoza,55-(456)228-5471,jmendoza3m@trellian.com
Jacqueline,Reid,27-(702)677-2830,jreid3n@techcrunch.com
Diane,Burton,86-(672)274-4740,dburton3o@ucla.edu
Teresa,Larson,86-(860)704-3822,tlarson3p@omniture.com
Michael,Miller,55-(644)462-4775,mmiller3q@chicagotribune.com
Wanda,Bishop,380-(723)796-7323,wbishop3r@microsoft.com
Carlos,Castillo,1-(890)482-0580,ccastillo3s@soup.io
Mary,Hunter,86-(214)481-8583,mhunter3t@statcounter.com
Lawrence,Rivera,31-(224)241-1637,lrivera3u@google.nl
Louise,Alvarez,1-(432)719-2426,lalvarez3v@netvibes.com
Emily,Patterson,62-(685)195-7199,epatterson3w@imdb.com
Lori,Snyder,86-(666)427-1848,lsnyder3x@istockphoto.com
Nicole,Gomez,57-(885)417-0717,ngomez3y@aboutads.info
George,Morales,62-(445)288-0646,gmorales3z@pbs.org
Anne,Hall,51-(590)810-9729,ahall40@hostgator.com
Rachel,Rice,504-(964)483-8472,rrice41@netlog.com
Nicholas,Adams,63-(223)747-7290,nadams42@1und1.de
Brian,Robertson,56-(826)367-8298,brobertson43@biglobe.ne.jp
Aaron,Welch,86-(386)708-5892,awelch44@ifeng.com
Jennifer,Roberts,385-(984)171-1969,jroberts45@buzzfeed.com
Christina,Kelley,48-(824)112-2348,ckelley46@hexun.com
Virginia,Martinez,33-(406)649-0487,vmartinez47@artisteer.com
Scott,Campbell,351-(223)715-2287,scampbell48@typepad.com
Eric,Carpenter,55-(865)370-9811,ecarpenter49@npr.org
Amanda,Perkins,54-(649)905-8358,aperkins4a@un.org
Willie,Banks,386-(696)256-0897,wbanks4b@springer.com
Matthew,Hamilton,970-(471)409-7765,mhamilton4c@reddit.com
Ruth,Morgan,48-(217)744-9121,rmorgan4d@shinystat.com
Kathryn,Graham,86-(251)828-8724,kgraham4e@webmd.com
Donald,Barnes,351-(576)573-0989,dbarnes4f@skype.com
Stephen,Ford,380-(236)273-9628,sford4g@nps.gov
Philip,Robinson,355-(148)469-3366,probinson4h@bing.com
Michael,Reynolds,351-(166)102-0750,mreynolds4i@yellowpages.com
Carolyn,Powell,63-(990)860-3284,cpowell4j@icq.com
Linda,Pierce,62-(245)532-8422,lpierce4k@last.fm
Kathy,Morris,358-(360)131-0543,kmorris4l@plala.or.jp
Jeffrey,Cooper,30-(944)170-0495,jcooper4m@instagram.com
Betty,Graham,33-(246)797-8622,bgraham4n@usa.gov
Ruby,Garza,1-(680)618-0918,rgarza4o@printfriendly.com
James,Bryant,220-(507)109-8949,jbryant4p@jiathis.com
Louise,Alexander,62-(764)646-5173,lalexander4q@telegraph.co.uk
Dennis,Watkins,86-(454)254-4902,dwatkins4r@howstuffworks.com
Pamela,Watson,351-(530)899-0534,pwatson4s@si.edu
Melissa,Fields,389-(967)962-4330,mfields4t@slideshare.net
Ronald,Barnes,1-(788)622-2080,rbarnes4u@naver.com
Jessica,Romero,62-(276)107-8624,jromero4v@i2i.jp
Robin,Cook,254-(460)882-4123,rcook4w@auda.org.au
Terry,Austin,33-(513)727-2078,taustin4x@mlb.com
Debra,Bennett,62-(939)634-1801,dbennett4y@feedburner.com
Donna,Gordon,62-(586)213-3984,dgordon4z@cdc.gov
Donna,Greene,86-(395)617-6762,dgreene50@kickstarter.com
Andrew,Washington,359-(875)884-5054,awashington51@ox.ac.uk
Peter,Hart,66-(140)408-0827,phart52@google.cn
Laura,Holmes,1-(440)352-5292,lholmes53@netvibes.com
Scott,Porter,51-(110)633-6375,sporter54@marriott.com
Nancy,Stone,1-(459)488-3802,nstone55@europa.eu
Michelle,Wheeler,370-(347)473-1066,mwheeler56@bloglovin.com
Sean,Richardson,63-(574)180-7805,srichardson57@ftc.gov
Shawn,Parker,54-(903)264-7845,sparker58@baidu.com
Tina,Wheeler,7-(261)177-3338,twheeler59@paginegialle.it
Chris,Palmer,380-(440)235-5523,cpalmer5a@wunderground.com
Shirley,Simpson,62-(630)647-0080,ssimpson5b@last.fm
Brian,Gray,51-(748)831-3244,bgray5c@google.fr
Rebecca,Williams,86-(404)805-7135,rwilliams5d@ftc.gov
Jesse,Ford,86-(467)541-0721,jford5e@mac.com
Frances,Roberts,62-(562)233-0718,froberts5f@wikipedia.org
Janet,Stevens,86-(282)509-7166,jstevens5g@sitemeter.com
Cynthia,Fowler,62-(771)199-9179,cfowler5h@amazon.de
Cynthia,Hart,380-(827)359-6577,chart5i@facebook.com
Nicole,Schmidt,62-(806)550-3246,nschmidt5j@issuu.com
Catherine,Little,62-(378)860-8524,clittle5k@mapquest.com
Robert,Davis,57-(449)737-6004,rdavis5l@dagondesign.com
Frank,Porter,7-(136)213-0164,fporter5m@archive.org
Louise,Davis,62-(122)208-2679,ldavis5n@addthis.com
Jeffrey,Cooper,7-(888)147-0014,jcooper5o@sina.com.cn
Carl,Nichols,355-(137)237-2300,cnichols5p@barnesandnoble.com
Lillian,Davis,63-(405)397-0556,ldavis5q@imgur.com
Anne,Greene,48-(274)833-7058,agreene5r@imdb.com
Carl,Ferguson,7-(938)702-7346,cferguson5s@mail.ru
Kathleen,Thompson,56-(828)469-5495,kthompson5t@cbslocal.com
Carol,Sullivan,46-(726)128-8815,csullivan5u@exblog.jp
Christine,Brown,47-(838)442-3444,cbrown5v@auda.org.au
Brenda,Flores,55-(340)886-1410,bflores5w@quantcast.com
Emily,Parker,351-(832)178-0850,eparker5x@unc.edu
Marie,Jacobs,86-(479)169-8620,mjacobs5y@pcworld.com
Debra,Bell,86-(981)129-5894,dbell5z@squidoo.com
Bonnie,George,1-(251)912-7563,bgeorge60@uol.com.br
Linda,Gonzalez,33-(113)296-3025,lgonzalez61@cnn.com
Bonnie,Sullivan,7-(332)147-4726,bsullivan62@yellowbook.com
Wayne,Hunter,381-(733)623-2063,whunter63@google.es
Jacqueline,Mccoy,385-(204)247-4012,jmccoy64@about.com
Paula,Lawrence,62-(247)639-9599,plawrence65@hao123.com
Arthur,Stevens,506-(324)887-4773,astevens66@hexun.com
Kimberly,Walker,54-(118)174-3623,kwalker67@ucla.edu
Thomas,Ray,976-(982)310-1993,tray68@tmall.com
Raymond,Harrison,86-(612)778-6078,rharrison69@bloomberg.com
Carl,Mitchell,249-(202)154-6542,cmitchell6a@live.com
Diane,Mcdonald,86-(825)292-6567,dmcdonald6b@webmd.com
Margaret,Sanchez,381-(395)626-1492,msanchez6c@wordpress.org
Judy,Anderson,62-(997)266-5653,janderson6d@chicagotribune.com
Virginia,Garcia,506-(568)214-5813,vgarcia6e@jugem.jp
Gerald,Miller,380-(938)335-3674,gmiller6f@people.com.cn
Shirley,Gomez,62-(900)916-0817,sgomez6g@nationalgeographic.com
Aaron,Castillo,374-(159)838-2371,acastillo6h@foxnews.com
Sara,Warren,507-(872)876-0516,swarren6i@stanford.edu
Sarah,Duncan,970-(733)539-8801,sduncan6j@cbslocal.com
Arthur,Garcia,86-(755)907-8893,agarcia6k@timesonline.co.uk
Laura,Reyes,57-(562)765-2618,lreyes6l@discuz.net
Robin,Ryan,63-(997)726-8958,rryan6m@multiply.com
Michael,Fowler,86-(615)651-2642,mfowler6n@geocities.jp
Jean,Williamson,992-(550)987-3193,jwilliamson6o@forbes.com
Kathleen,Phillips,53-(392)631-8708,kphillips6p@123-reg.co.uk
Brenda,Garza,62-(818)783-4950,bgarza6q@prnewswire.com
Cheryl,Carr,66-(875)544-7038,ccarr6r@ebay.co.uk
Justin,Meyer,7-(422)912-6445,jmeyer6s@shutterfly.com
Judith,Fox,66-(190)652-4613,jfox6t@noaa.gov
Steven,Burke,504-(906)948-6095,sburke6u@lulu.com
Larry,Reyes,62-(212)876-7451,lreyes6v@foxnews.com
Scott,Olson,7-(467)876-0461,solson6w@merriam-webster.com
Douglas,Stewart,46-(438)543-7786,dstewart6x@virginia.edu
Brandon,Gutierrez,62-(313)685-8191,bgutierrez6y@google.co.jp
Keith,Robinson,7-(701)727-8701,krobinson6z@dropbox.com
Shawn,Wagner,86-(559)842-4640,swagner70@flickr.com
Aaron,Ortiz,86-(936)380-1395,aortiz71@163.com
Susan,Stewart,57-(518)340-5963,sstewart72@dropbox.com
Mark,Berry,81-(309)998-7941,mberry73@google.ru
Tammy,Payne,372-(478)494-9046,tpayne74@sciencedirect.com
Ronald,Williams,48-(603)676-0660,rwilliams75@ucla.edu
Norma,Harper,351-(418)101-5594,nharper76@youtu.be
Daniel,Henderson,420-(810)311-9417,dhenderson77@hatena.ne.jp
Matthew,Parker,7-(396)192-7144,mparker78@macromedia.com
Jason,Harvey,387-(764)304-4133,jharvey79@cornell.edu
Denise,Anderson,7-(854)932-8440,danderson7a@csmonitor.com
Johnny,Reynolds,63-(752)586-4613,jreynolds7b@cargocollective.com
Gary,Jones,62-(753)864-1196,gjones7c@bing.com
Justin,Hunt,1-(858)498-8782,jhunt7d@theatlantic.com
Philip,Burton,62-(750)524-3494,pburton7e@homestead.com
Laura,Ellis,63-(355)794-9094,lellis7f@ucoz.com
Christine,Kelley,212-(289)111-6745,ckelley7g@narod.ru
Ryan,Kim,976-(893)783-2229,rkim7h@reference.com
David,Schmidt,46-(671)608-0889,dschmidt7i@archive.org
Laura,Morgan,58-(509)477-0398,lmorgan7j@creativecommons.org
Nancy,Woods,55-(423)228-4256,nwoods7k@pen.io
Wayne,Warren,86-(350)190-3147,wwarren7l@uol.com.br
Angela,Vasquez,81-(226)882-3041,avasquez7m@histats.com
Andrew,Meyer,965-(422)324-9772,ameyer7n@businessweek.com
Brandon,Gonzalez,48-(766)165-4841,bgonzalez7o@ehow.com
Mildred,Bell,81-(699)495-1040,mbell7p@naver.com
Jesse,Cunningham,46-(769)930-7936,jcunningham7q@pbs.org
Virginia,Scott,63-(561)289-0516,vscott7r@loc.gov
Fred,Webb,86-(587)974-0524,fwebb7s@cornell.edu
Benjamin,Lane,86-(892)487-7992,blane7t@irs.gov
Arthur,Hughes,1-(264)985-0162,ahughes7u@about.me
Lois,Rogers,381-(983)772-1740,lrogers7v@bravesites.com
Virginia,Brooks,351-(108)393-1055,vbrooks7w@ameblo.jp
Gregory,Larson,63-(594)727-3164,glarson7x@zdnet.com
Terry,Cunningham,86-(478)883-4436,tcunningham7y@hostgator.com
Jean,Black,7-(943)237-9222,jblack7z@feedburner.com
Joshua,Palmer,63-(580)503-7669,jpalmer80@angelfire.com
Jonathan,Johnson,48-(877)907-1625,jjohnson81@ask.com
Margaret,Perkins,86-(146)216-9482,mperkins82@infoseek.co.jp
Sara,Gray,996-(292)458-4312,sgray83@redcross.org
Nicole,Cooper,86-(905)268-0478,ncooper84@businessweek.com
Raymond,Taylor,48-(905)145-9788,rtaylor85@amazon.com
Carlos,Shaw,62-(943)348-8784,cshaw86@hhs.gov
Evelyn,Day,502-(512)321-5026,eday87@google.com.hk
Melissa,Clark,7-(625)352-8693,mclark88@forbes.com
Martin,Hughes,62-(555)979-9443,mhughes89@vk.com
Mildred,Lewis,20-(827)434-6728,mlewis8a@state.gov
Kathleen,Reynolds,267-(704)632-9695,kreynolds8b@feedburner.com
Patricia,Cruz,967-(236)223-5761,pcruz8c@slashdot.org
Phyllis,Mcdonald,46-(224)842-2476,pmcdonald8d@wikipedia.org
Judith,Gardner,55-(299)759-0278,jgardner8e@wsj.com
Harry,Carr,66-(425)978-8671,hcarr8f@cargocollective.com
Betty,Allen,93-(161)160-9933,ballen8g@biglobe.ne.jp
Victor,Myers,351-(109)418-0591,vmyers8h@senate.gov
Roger,Martinez,62-(358)894-5442,rmartinez8i@ihg.com
Patrick,Rivera,86-(100)507-7563,privera8j@wufoo.com
Craig,George,86-(787)800-7718,cgeorge8k@google.ru
Margaret,Griffin,7-(429)296-3781,mgriffin8l@un.org
Eric,Russell,51-(917)658-3260,erussell8m@mapy.cz
Jerry,Warren,63-(427)900-3839,jwarren8n@yolasite.com
Dennis,Warren,62-(658)676-2321,dwarren8o@unc.edu
Helen,Arnold,62-(382)208-8672,harnold8p@bbc.co.uk
Judy,Hernandez,55-(848)766-9857,jhernandez8q@deliciousdays.com
Joe,Lynch,86-(821)990-8060,jlynch8r@uol.com.br
Jane,Barnes,227-(510)853-8924,jbarnes8s@upenn.edu
Evelyn,Riley,54-(557)153-5585,eriley8t@cpanel.net
Melissa,Patterson,86-(723)930-5260,mpatterson8u@spotify.com
Ruth,Williamson,244-(217)782-6492,rwilliamson8v@squidoo.com
Alice,Robertson,7-(895)482-1463,arobertson8w@samsung.com
Linda,Bryant,225-(560)125-2090,lbryant8x@nymag.com
Jean,Williamson,49-(269)840-6297,jwilliamson8y@admin.ch
Gloria,Murray,420-(162)758-7371,gmurray8z@e-recht24.de
Jerry,Mason,7-(554)103-0769,jmason90@google.ru
Elizabeth,Jackson,48-(257)856-8449,ejackson91@fastcompany.com
Patricia,Owens,966-(261)691-0221,powens92@hao123.com
Kimberly,Stewart,63-(189)299-2903,kstewart93@xinhuanet.com
Arthur,Ramirez,7-(777)884-8055,aramirez94@cmu.edu
Roy,Green,98-(144)681-5953,rgreen95@ftc.gov
Charles,Hernandez,86-(114)101-4246,chernandez96@dell.com
Roger,Graham,7-(300)626-9427,rgraham97@pbs.org
Sara,Payne,63-(821)846-4171,spayne98@tripod.com
Wanda,Sims,63-(926)796-8742,wsims99@drupal.org
Kathleen,Clark,62-(360)658-4092,kclark9a@mit.edu
George,Garcia,420-(471)112-6119,ggarcia9b@archive.org
Diana,Ryan,48-(580)371-7762,dryan9c@amazon.de
Debra,Morgan,86-(222)628-1150,dmorgan9d@nature.com
Bruce,Morrison,55-(343)414-8741,bmorrison9e@google.nl
Aaron,Smith,30-(758)166-0445,asmith9f@census.gov
Susan,Fernandez,260-(245)302-5722,sfernandez9g@odnoklassniki.ru
Melissa,Mendoza,62-(470)424-6866,mmendoza9h@ocn.ne.jp
David,Porter,353-(510)395-7847,dporter9i@dion.ne.jp
Andrea,Richards,48-(731)914-0293,arichards9j@istockphoto.com
Patricia,Edwards,86-(238)550-6488,pedwards9k@storify.com
Jason,Mcdonald,380-(503)529-5936,jmcdonald9l@123-reg.co.uk
Joshua,Garza,263-(194)727-3696,jgarza9m@storify.com
Anthony,Hayes,351-(409)212-4771,ahayes9n@gov.uk
Elizabeth,Jordan,63-(397)269-4882,ejordan9o@nba.com
Ann,Lopez,7-(579)430-2401,alopez9p@elegantthemes.com
Jeffrey,Nichols,376-(352)832-5899,jnichols9q@java.com
Barbara,Simpson,86-(176)360-3824,bsimpson9r@spiegel.de
Brian,Fisher,86-(251)985-9733,bfisher9s@tumblr.com
Patrick,Hansen,20-(660)539-6752,phansen9t@cargocollective.com
Michael,Montgomery,371-(468)943-8356,mmontgomery9u@bravesites.com
Joyce,Roberts,86-(422)692-4879,jroberts9v@wikispaces.com
Rose,Freeman,62-(161)291-7109,rfreeman9w@friendfeed.com
Martha,Mccoy,33-(436)438-9083,mmccoy9x@indiatimes.com
Christopher,Henry,7-(917)153-9691,chenry9y@gmpg.org
Jane,Fisher,63-(621)146-9055,jfisher9z@toplist.cz
Lisa,Pierce,62-(719)427-5722,lpiercea0@yellowbook.com
Heather,Gordon,232-(822)526-5655,hgordona1@theatlantic.com
Virginia,Moreno,66-(319)755-5403,vmorenoa2@1688.com
Phyllis,Cox,55-(280)443-2433,pcoxa3@biblegateway.com
David,Stanley,48-(486)327-1518,dstanleya4@goo.gl
Earl,Spencer,31-(345)777-9323,espencera5@hugedomains.com
Jason,Hudson,62-(683)825-8941,jhudsona6@home.pl
Susan,Mitchell,63-(659)462-7057,smitchella7@mit.edu
Lisa,Rivera,351-(765)236-6153,lriveraa8@seesaa.net
Victor,Mills,62-(550)760-6256,vmillsa9@angelfire.com
George,Mills,86-(908)519-6545,gmillsaa@barnesandnoble.com
Samuel,Palmer,261-(498)128-8922,spalmerab@microsoft.com
Lisa,Baker,351-(904)849-5989,lbakerac@drupal.org
Amy,Kelly,234-(290)512-9228,akellyad@friendfeed.com
Victor,Bradley,86-(736)222-0836,vbradleyae@admin.ch
Kevin,Armstrong,62-(529)473-9525,karmstrongaf@networkadvertising.org
David,Black,48-(222)112-0997,dblackag@so-net.ne.jp
Eric,West,972-(518)256-2624,ewestah@ning.com
Amy,Barnes,57-(465)381-8753,abarnesai@ning.com
Christopher,Daniels,86-(391)456-7933,cdanielsaj@home.pl
Anna,Griffin,353-(855)613-1598,agriffinak@printfriendly.com
Virginia,Lawrence,63-(143)615-5133,vlawrenceal@jugem.jp
Jeremy,Mitchell,55-(414)640-1913,jmitchellam@photobucket.com
Edward,Fowler,57-(377)467-7096,efowleran@go.com
Rachel,Kelley,55-(439)367-7964,rkelleyao@photobucket.com
Judith,Rogers,86-(896)689-4065,jrogersap@howstuffworks.com
Gloria,Butler,66-(761)377-0849,gbutleraq@epa.gov
Janet,Bradley,81-(263)372-5095,jbradleyar@springer.com
Annie,Murray,58-(221)356-5728,amurrayas@4shared.com
Andrea,Long,420-(995)792-5616,alongat@blogspot.com
Cheryl,Marshall,81-(510)366-2292,cmarshallau@hc360.com
Patrick,Simpson,27-(386)499-9336,psimpsonav@issuu.com
Matthew,Kelley,353-(696)857-2771,mkelleyaw@chicagotribune.com
Richard,Brown,93-(243)378-2688,rbrownax@liveinternet.ru
Emily,Foster,593-(860)722-5429,efosteray@rakuten.co.jp
Margaret,Hayes,81-(595)917-4562,mhayesaz@aboutads.info
Earl,Hawkins,48-(199)716-4692,ehawkinsb0@mayoclinic.com
Heather,Franklin,86-(173)975-1500,hfranklinb1@yellowpages.com
Anna,Gilbert,1-(408)774-2751,agilbertb2@nps.gov
Sharon,Romero,54-(521)856-0003,sromerob3@nps.gov
Nancy,West,86-(198)796-0998,nwestb4@si.edu
James,Carpenter,66-(363)948-2782,jcarpenterb5@wikia.com
Joan,Hayes,48-(103)855-6977,jhayesb6@cbsnews.com
Louise,Grant,7-(150)754-1959,lgrantb7@freewebs.com
Judy,Watson,84-(882)444-2516,jwatsonb8@amazonaws.com
Roger,Green,66-(800)803-7910,rgreenb9@amazon.co.uk
Phyllis,Berry,380-(212)784-9265,pberryba@people.com.cn
Theresa,Hernandez,63-(519)520-7236,thernandezbb@naver.com
Phyllis,Gonzalez,46-(373)523-4266,pgonzalezbc@qq.com
Albert,Ruiz,56-(606)892-1005,aruizbd@smugmug.com
Ernest,Carter,33-(778)376-6558,ecarterbe@washington.edu
Scott,Washington,30-(387)307-8188,swashingtonbf@cdbaby.com
Mark,Johnson,39-(357)524-2217,mjohnsonbg@drupal.org
Harry,Gonzales,62-(170)871-5009,hgonzalesbh@spiegel.de
Aaron,Ray,86-(944)327-5342,araybi@youku.com
Cheryl,Porter,1-(206)233-9702,cporterbj@mozilla.com
Amanda,Foster,62-(603)779-5438,afosterbk@flickr.com
Joan,Washington,30-(451)520-6747,jwashingtonbl@over-blog.com
Lillian,Stone,30-(664)821-9505,lstonebm@ftc.gov
William,Burns,86-(587)235-3015,wburnsbn@webmd.com
Theresa,Collins,351-(910)704-4033,tcollinsbo@sogou.com
Kenneth,Harper,30-(703)982-4959,kharperbp@surveymonkey.com
Michelle,Welch,81-(169)766-2174,mwelchbq@sitemeter.com
Patrick,Stanley,86-(707)175-3083,pstanleybr@toplist.cz
David,Mitchell,86-(257)638-6023,dmitchellbs@businesswire.com
Larry,Russell,52-(860)116-2634,lrussellbt@chronoengine.com
Theresa,Murray,63-(949)503-2726,tmurraybu@scientificamerican.com
Anthony,Hernandez,62-(168)711-8848,ahernandezbv@163.com
Mark,Montgomery,91-(297)829-7673,mmontgomerybw@smugmug.com
Gregory,Peters,972-(607)224-5766,gpetersbx@163.com
Jean,Bailey,1-(786)887-7259,jbaileyby@cam.ac.uk
Antonio,Thompson,595-(370)434-0838,athompsonbz@list-manage.com
Alan,Turner,62-(519)858-4384,aturnerc0@purevolume.com
Deborah,Young,63-(256)771-0627,dyoungc1@soup.io
Amanda,Hart,7-(602)891-3578,ahartc2@aboutads.info
Julie,Gutierrez,880-(758)293-9073,jgutierrezc3@nsw.gov.au
Jean,Williams,351-(490)875-2842,jwilliamsc4@bbc.co.uk
Jennifer,Banks,92-(488)167-9884,jbanksc5@jalbum.net
Janice,Hicks,33-(138)762-3083,jhicksc6@liveinternet.ru
Robert,Hughes,54-(900)749-6243,rhughesc7@acquirethisname.com
Russell,Shaw,86-(827)697-5171,rshawc8@acquirethisname.com
Cheryl,Ramirez,7-(558)738-3283,cramirezc9@slashdot.org
Amanda,Nelson,86-(231)674-5077,anelsonca@cnn.com
Denise,Long,351-(472)194-8394,dlongcb@technorati.com
Paul,Wheeler,62-(829)147-3449,pwheelercc@multiply.com
Jean,Dean,86-(616)988-8584,jdeancd@google.ru
Alice,James,63-(534)874-8725,ajamesce@aol.com
Anne,Cruz,237-(258)709-1042,acruzcf@digg.com
Gloria,Hawkins,86-(204)268-6483,ghawkinscg@howstuffworks.com
Louise,Fox,385-(541)675-1242,lfoxch@amazonaws.com
George,Montgomery,63-(525)336-6318,gmontgomeryci@yolasite.com
Anne,Clark,48-(898)946-8236,aclarkcj@google.cn
Christina,Nelson,502-(294)710-6971,cnelsonck@icio.us
Ryan,Lewis,86-(940)646-1283,rlewiscl@nifty.com
Ernest,Cooper,86-(982)926-6349,ecoopercm@xrea.com
Janet,Bennett,46-(763)738-8416,jbennettcn@4shared.com
Jean,Hayes,86-(439)791-3624,jhayesco@state.tx.us
Michael,Hunt,55-(658)429-1243,mhuntcp@myspace.com
Peter,Wallace,52-(698)817-9208,pwallacecq@virginia.edu
Andrew,Dean,7-(451)766-8306,adeancr@nifty.com
Theresa,Oliver,61-(215)107-6762,tolivercs@ask.com
Edward,Brooks,63-(134)803-4216,ebrooksct@ebay.co.uk
Alice,Barnes,36-(355)238-5559,abarnescu@ameblo.jp
Michael,Reed,86-(146)287-8285,mreedcv@berkeley.edu
Barbara,Bradley,86-(970)201-6890,bbradleycw@spotify.com
Louis,Dunn,63-(247)798-0958,ldunncx@goodreads.com
Virginia,Chapman,55-(391)942-5434,vchapmancy@linkedin.com
Evelyn,Meyer,86-(597)959-5025,emeyercz@squarespace.com
Patrick,Moreno,996-(131)692-1939,pmorenod0@tumblr.com
Edward,Fisher,63-(877)643-0650,efisherd1@timesonline.co.uk
Andrea,Jenkins,63-(522)383-4220,ajenkinsd2@nasa.gov
Nicholas,Kennedy,48-(201)307-8741,nkennedyd3@unicef.org
Chris,Hicks,62-(204)859-2412,chicksd4@multiply.com
Phyllis,Hall,976-(237)842-5477,phalld5@zdnet.com
Melissa,Parker,20-(973)784-7674,mparkerd6@pinterest.com
Jane,Peters,7-(465)293-2487,jpetersd7@scribd.com
Marilyn,Green,358-(734)750-5748,mgreend8@ovh.net
George,Gray,992-(737)757-7835,ggrayd9@earthlink.net
Nicole,Kim,1-(948)938-3656,nkimda@macromedia.com
Jonathan,Myers,48-(324)905-5455,jmyersdb@bloglines.com
Anne,Long,86-(687)882-9903,alongdc@t-online.de
Carol,Sanchez,1-(663)610-4563,csanchezdd@histats.com
Steve,Ryan,63-(163)631-2092,sryande@globo.com
Nicholas,King,81-(673)640-2956,nkingdf@instagram.com
Aaron,Cox,385-(759)346-1324,acoxdg@is.gd
Norma,Mason,269-(345)818-0719,nmasondh@barnesandnoble.com
Mildred,Cooper,62-(339)589-3192,mcooperdi@prlog.org
Henry,Griffin,48-(254)622-8497,hgriffindj@photobucket.com
Jack,Anderson,1-(386)640-0586,jandersondk@cisco.com
Julia,Jordan,46-(139)276-1604,jjordandl@fema.gov
Wanda,Bennett,234-(548)532-4946,wbennettdm@mozilla.org
Dorothy,Black,220-(391)968-1622,dblackdn@purevolume.com
Peter,Wright,57-(366)639-4189,pwrightdo@360.cn
Irene,Tucker,62-(565)826-6210,ituckerdp@soundcloud.com
Rachel,Gonzalez,49-(105)481-4443,rgonzalezdq@mozilla.org
Albert,Armstrong,7-(435)134-3843,aarmstrongdr@list-manage.com
Emily,Coleman,55-(953)755-6358,ecolemands@people.com.cn
Louis,Porter,63-(890)373-9244,lporterdt@bravesites.com
Jacqueline,Andrews,86-(120)963-0090,jandrewsdu@indiatimes.com
Theresa,Simmons,86-(413)585-3611,tsimmonsdv@state.tx.us
Daniel,Powell,48-(522)152-6459,dpowelldw@twitter.com
Cheryl,Gilbert,62-(479)242-8388,cgilbertdx@domainmarket.com
Kathy,Arnold,62-(972)741-1897,karnolddy@digg.com
David,Williamson,234-(338)852-5593,dwilliamsondz@simplemachines.org
Harry,West,86-(738)395-8545,hweste0@networksolutions.com
Arthur,Gilbert,353-(445)206-8412,agilberte1@bravesites.com
Anthony,Lewis,86-(255)728-9995,alewise2@wikimedia.org
George,Sims,86-(168)872-6947,gsimse3@smh.com.au
Russell,Stevens,963-(569)274-4374,rstevense4@cmu.edu
Jean,Spencer,86-(917)508-4568,jspencere5@sina.com.cn
Betty,Bowman,1-(206)468-9241,bbowmane6@reference.com
Elizabeth,Mcdonald,506-(900)404-0060,emcdonalde7@last.fm
Michael,Hall,55-(352)558-7015,mhalle8@spotify.com
Patricia,Daniels,55-(260)991-1536,pdanielse9@chron.com
Philip,Davis,63-(268)995-7156,pdavisea@howstuffworks.com
Martin,Ramos,46-(661)670-7561,mramoseb@google.co.uk
Phillip,Daniels,46-(440)837-1222,pdanielsec@usnews.com
Kenneth,Snyder,263-(905)845-1872,ksnydered@geocities.jp
Denise,Hart,57-(999)944-0168,dhartee@intel.com
Walter,Dean,33-(390)372-7979,wdeanef@berkeley.edu
Stephen,Cooper,381-(251)701-1381,scoopereg@youtu.be
Clarence,Torres,7-(116)129-2371,ctorreseh@unc.edu
Jesse,Daniels,62-(250)715-3494,jdanielsei@deliciousdays.com
Alan,Barnes,86-(478)199-3314,abarnesej@deliciousdays.com
Gregory,Ross,420-(480)305-8187,grossek@issuu.com
Randy,Armstrong,36-(446)521-4462,rarmstrongel@businessinsider.com
Ruby,Morrison,62-(219)629-4087,rmorrisonem@salon.com
Nicholas,Andrews,52-(372)560-3952,nandrewsen@angelfire.com
Fred,Moreno,7-(323)615-8574,fmorenoeo@pen.io
Samuel,Elliott,51-(283)452-3596,selliottep@123-reg.co.uk
Samuel,Tucker,1-(504)954-4780,stuckereq@independent.co.uk
Denise,Wallace,62-(360)965-5846,dwallaceer@youtube.com
Samuel,Lewis,504-(576)247-6685,slewises@friendfeed.com
Margaret,Armstrong,33-(344)339-3571,marmstronget@homestead.com
Shirley,Clark,86-(237)439-8144,sclarkeu@so-net.ne.jp
Samuel,Meyer,7-(222)167-0970,smeyerev@mapquest.com
Benjamin,Gibson,46-(925)806-0413,bgibsonew@ameblo.jp
Ann,Williams,63-(120)589-7253,awilliamsex@ihg.com
Martin,Arnold,976-(383)786-1310,marnoldey@moonfruit.com
Walter,Butler,48-(871)192-6070,wbutlerez@myspace.com
Howard,Andrews,1-(485)872-0463,handrewsf0@twitter.com
Maria,Knight,33-(711)681-7765,mknightf1@wikia.com
Daniel,Frazier,7-(796)124-2400,dfrazierf2@ca.gov
Edward,Clark,62-(969)714-3476,eclarkf3@scribd.com
Carol,Mcdonald,86-(870)553-8030,cmcdonaldf4@sohu.com
Lois,Johnson,86-(146)241-8660,ljohnsonf5@mozilla.com
Shawn,Fernandez,81-(309)346-9895,sfernandezf6@geocities.com
Eric,Gardner,255-(244)886-1765,egardnerf7@amazon.de
Andrea,Harris,48-(583)706-3745,aharrisf8@diigo.com
Sandra,West,507-(217)947-9785,swestf9@artisteer.com
Lawrence,Fuller,86-(357)546-5273,lfullerfa@gravatar.com
Alice,Kelley,86-(666)752-8407,akelleyfb@wikispaces.com
Brenda,Murray,967-(432)907-5785,bmurrayfc@list-manage.com
Adam,Richards,33-(173)103-0835,arichardsfd@pcworld.com
Jessica,Meyer,51-(364)534-3913,jmeyerfe@google.co.uk
Jack,Greene,86-(860)159-7105,jgreeneff@amazon.com
Mary,Williamson,86-(789)403-3424,mwilliamsonfg@unicef.org
Joshua,Taylor,55-(403)360-0382,jtaylorfh@tmall.com
Tina,Patterson,93-(326)179-8943,tpattersonfi@cbslocal.com
Margaret,Andrews,963-(397)596-5284,mandrewsfj@over-blog.com
Fred,Flores,242-(306)685-0565,ffloresfk@a8.net
William,Lane,93-(513)104-5390,wlanefl@amazon.com
Justin,Banks,52-(370)872-9841,jbanksfm@posterous.com
Paul,Kennedy,66-(986)158-0478,pkennedyfn@mashable.com
Ruth,Ross,420-(214)614-0095,rrossfo@phpbb.com
Thomas,Burke,86-(211)783-2606,tburkefp@yellowpages.com
Judith,Carr,63-(980)987-3420,jcarrfq@oaic.gov.au
Mary,Turner,86-(904)640-5734,mturnerfr@answers.com
Jesse,Miller,20-(867)825-7751,jmillerfs@biblegateway.com
Ryan,Matthews,93-(413)561-8388,rmatthewsft@nifty.com
Kimberly,Bennett,86-(522)985-2852,kbennettfu@google.com.br
Patricia,Wood,1-(212)348-3352,pwoodfv@trellian.com
Ernest,Hill,86-(717)172-9497,ehillfw@a8.net
Wanda,Banks,994-(137)928-0124,wbanksfx@tinyurl.com
Nicole,Johnston,216-(530)345-4316,njohnstonfy@cnbc.com
Louise,Burton,54-(371)501-7985,lburtonfz@cdbaby.com
Louise,Reid,1-(404)759-1942,lreidg0@bravesites.com
Michael,Burns,356-(353)539-5429,mburnsg1@amazonaws.com
Roger,Cooper,420-(262)132-4879,rcooperg2@list-manage.com
Joe,Long,86-(892)457-4288,jlongg3@utexas.edu
Theresa,Nguyen,86-(835)905-9794,tnguyeng4@technorati.com
Susan,Palmer,381-(116)632-7161,spalmerg5@si.edu
Carol,White,51-(139)486-8059,cwhiteg6@clickbank.net
Amanda,Austin,39-(169)135-7090,aausting7@rakuten.co.jp
Andrew,Ryan,81-(975)365-5512,aryang8@chicagotribune.com
Benjamin,Bennett,1-(995)460-5056,bbennettg9@wikipedia.org
Judy,Harper,62-(643)832-4819,jharperga@cpanel.net
Pamela,Burton,86-(937)957-1204,pburtongb@fotki.com
Benjamin,Walker,86-(441)446-4522,bwalkergc@tuttocitta.it
Henry,Marshall,251-(751)140-9170,hmarshallgd@gizmodo.com
Jimmy,Jones,374-(411)368-8136,jjonesge@google.it
Amy,Lawson,86-(934)913-5312,alawsongf@ebay.com
Sharon,Ward,7-(848)104-5835,swardgg@cmu.edu
Mary,Gonzales,51-(276)627-5187,mgonzalesgh@etsy.com
Wanda,Morgan,86-(386)285-6497,wmorgangi@g.co
Matthew,Mccoy,380-(748)152-7870,mmccoygj@blog.com
Michael,Murphy,358-(896)513-3539,mmurphygk@army.mil
Rebecca,Richardson,86-(671)368-2149,rrichardsongl@nih.gov
Dorothy,Jackson,33-(506)329-6629,djacksongm@sogou.com
Roy,Reed,7-(952)112-0625,rreedgn@freewebs.com
Brian,Hanson,7-(188)804-6305,bhansongo@cnbc.com
Donna,Howard,371-(674)712-8848,dhowardgp@spotify.com
Arthur,Hayes,62-(325)680-8949,ahayesgq@typepad.com
Christine,Lane,30-(631)550-4260,clanegr@tuttocitta.it
Joe,Lewis,254-(740)603-6272,jlewisgs@pagesperso-orange.fr
Christopher,Warren,86-(364)220-9352,cwarrengt@over-blog.com
Fred,Ellis,420-(203)409-3359,fellisgu@altervista.org
Kathryn,George,220-(767)518-6786,kgeorgegv@istockphoto.com
Ernest,Mcdonald,62-(923)549-7925,emcdonaldgw@imgur.com
Craig,Cruz,216-(881)721-8877,ccruzgx@addtoany.com
Jeremy,Foster,86-(212)423-0099,jfostergy@arizona.edu
Russell,Boyd,43-(852)436-6524,rboydgz@aboutads.info
Chris,Ramirez,62-(647)383-9215,cramirezh0@ifeng.com
Keith,Williamson,269-(293)300-4857,kwilliamsonh1@mlb.com
Bobby,Flores,86-(506)769-7909,bfloresh2@wikispaces.com
Amanda,Miller,55-(911)655-9018,amillerh3@sfgate.com
Angela,Butler,856-(976)647-0294,abutlerh4@last.fm
Ann,George,880-(622)743-6082,ageorgeh5@1und1.de
Diana,Ward,269-(267)353-6686,dwardh6@discuz.net
Mildred,Lopez,62-(776)699-3801,mlopezh7@hatena.ne.jp
Thomas,Phillips,86-(762)970-5600,tphillipsh8@prlog.org
Gregory,Thomas,62-(580)448-8984,gthomash9@berkeley.edu
Doris,Pierce,62-(693)504-1985,dpierceha@hc360.com
Phyllis,Hughes,7-(474)665-8285,phugheshb@washingtonpost.com
Heather,Ramirez,598-(497)980-7116,hramirezhc@yale.edu
Patrick,Reynolds,267-(997)675-8215,preynoldshd@diigo.com
Pamela,Turner,86-(732)339-1306,pturnerhe@senate.gov
Gloria,Elliott,46-(807)797-8545,gelliotthf@bing.com
Jack,Lynch,92-(498)431-4819,jlynchhg@deviantart.com
Jack,Powell,351-(302)455-7056,jpowellhh@themeforest.net
Dorothy,Woods,387-(896)761-8483,dwoodshi@icio.us
Julie,Chavez,86-(652)309-2487,jchavezhj@sourceforge.net
Susan,Bell,380-(827)268-7536,sbellhk@xinhuanet.com
Aaron,Brooks,63-(442)879-9745,abrookshl@dedecms.com
Carlos,Hayes,63-(673)561-8973,chayeshm@1und1.de
Chris,Berry,62-(284)170-4774,cberryhn@is.gd
Karen,Matthews,86-(623)537-7119,kmatthewsho@gravatar.com
George,Crawford,51-(713)410-4223,gcrawfordhp@posterous.com
Christina,Parker,249-(991)373-1378,cparkerhq@google.it
Annie,Nichols,86-(366)933-2083,anicholshr@bigcartel.com
Michelle,Montgomery,1-(407)368-5747,mmontgomeryhs@edublogs.org
Willie,Ramirez,62-(624)915-9421,wramirezht@princeton.edu
George,Webb,48-(840)662-2358,gwebbhu@whitehouse.gov
Jonathan,Thomas,234-(902)860-7355,jthomashv@zdnet.com
Nicholas,Washington,51-(195)749-5524,nwashingtonhw@businessinsider.com
Antonio,Williams,387-(372)790-5420,awilliamshx@illinois.edu
Jean,Fisher,7-(172)380-5567,jfisherhy@independent.co.uk
Carl,Carroll,84-(158)139-4828,ccarrollhz@ow.ly
Kathy,Berry,55-(551)726-4721,kberryi0@diigo.com
Mary,Hernandez,850-(990)714-0839,mhernandezi1@sbwire.com
Harry,Rice,7-(780)379-0255,hricei2@pen.io
Angela,Anderson,86-(590)125-0643,aandersoni3@ycombinator.com
Robin,Elliott,352-(797)676-3056,relliotti4@ask.com
Bobby,Evans,33-(745)100-9037,bevansi5@mozilla.org
Adam,Davis,86-(248)979-1091,adavisi6@lulu.com
Joseph,Smith,81-(764)947-6184,jsmithi7@yolasite.com
Joyce,Reid,63-(943)680-5832,jreidi8@a8.net
Gregory,Jenkins,86-(970)125-3206,gjenkinsi9@shareasale.com
Ruth,Ross,351-(204)458-9375,rrossia@pinterest.com
Scott,Myers,52-(769)232-5008,smyersib@opera.com
Earl,Edwards,55-(168)234-7061,eedwardsic@live.com
Martha,Gilbert,62-(776)396-7799,mgilbertid@1und1.de
Shawn,Morris,55-(803)186-3205,smorrisie@soup.io
Chris,Gordon,51-(718)310-1142,cgordonif@ucsd.edu
Justin,Smith,86-(557)657-3325,jsmithig@miibeian.gov.cn
Edward,Mccoy,420-(120)850-0759,emccoyih@moonfruit.com
Donna,Mendoza,58-(535)258-8352,dmendozaii@discovery.com
Joyce,Hughes,380-(198)717-6162,jhughesij@digg.com
Timothy,Gonzalez,62-(997)516-5607,tgonzalezik@loc.gov
Eugene,Garrett,63-(456)391-5280,egarrettil@php.net
Jimmy,Schmidt,226-(248)600-9989,jschmidtim@amazon.co.uk
Ashley,Hansen,86-(277)168-4530,ahansenin@columbia.edu
Alan,Perry,86-(432)432-9713,aperryio@buzzfeed.com
Louise,Ward,51-(708)168-6487,lwardip@elegantthemes.com
Denise,Perkins,7-(373)119-0235,dperkinsiq@hexun.com
Eugene,Smith,351-(659)946-7114,esmithir@msu.edu
Elizabeth,Ryan,503-(599)882-7338,eryanis@qq.com
Eugene,Stevens,7-(161)591-0901,estevensit@pagesperso-orange.fr
Denise,Andrews,48-(990)891-8599,dandrewsiu@biglobe.ne.jp
Mildred,Myers,505-(661)300-6556,mmyersiv@163.com
Teresa,Wells,86-(549)300-6822,twellsiw@desdev.cn
Steven,Jordan,55-(347)637-9985,sjordanix@elegantthemes.com
Theresa,Palmer,234-(421)383-8734,tpalmeriy@bing.com
Diane,Bradley,46-(865)964-5585,dbradleyiz@home.pl
Amy,Murray,234-(426)627-3369,amurrayj0@discovery.com
Brenda,Rogers,7-(317)403-0254,brogersj1@reverbnation.com
Richard,Allen,1-(863)955-5298,rallenj2@youku.com
Jessica,Harris,86-(765)648-7482,jharrisj3@purevolume.com
Brian,Richardson,86-(978)198-9141,brichardsonj4@friendfeed.com
Ryan,Wood,20-(349)746-3494,rwoodj5@icio.us
Philip,Howard,380-(639)912-6214,phowardj6@illinois.edu
Brenda,Lawson,62-(252)949-0799,blawsonj7@springer.com
Rebecca,Fields,63-(527)485-1469,rfieldsj8@desdev.cn
Willie,Morgan,86-(241)383-5612,wmorganj9@hubpages.com
Christina,Jones,212-(835)715-9449,cjonesja@parallels.com
Laura,Cook,502-(488)417-9325,lcookjb@patch.com
Frances,Oliver,86-(821)342-6323,foliverjc@state.tx.us
Charles,Rivera,254-(180)307-9276,criverajd@hibu.com
Eugene,Rodriguez,850-(214)203-2996,erodriguezje@about.me
Dennis,Harvey,48-(150)236-0050,dharveyjf@nature.com
Jessica,Pierce,62-(944)325-0734,jpiercejg@rakuten.co.jp
Kathy,Bishop,220-(512)650-0549,kbishopjh@etsy.com
Kathy,Burns,66-(942)619-9541,kburnsji@amazon.co.uk
Jacqueline,Thomas,998-(325)682-2823,jthomasjj@psu.edu
Denise,Hunter,380-(360)199-2401,dhunterjk@wordpress.com
Elizabeth,Schmidt,48-(488)786-7398,eschmidtjl@fc2.com
Jennifer,Owens,95-(570)704-5401,jowensjm@japanpost.jp
Timothy,Patterson,86-(381)601-9010,tpattersonjn@pagesperso-orange.fr
Gregory,Ellis,254-(202)784-2309,gellisjo@hatena.ne.jp
Wanda,Marshall,967-(706)509-2945,wmarshalljp@over-blog.com
Nancy,Moreno,961-(724)242-1258,nmorenojq@aol.com
Bruce,Jacobs,84-(495)569-4139,bjacobsjr@blog.com
Chris,Parker,7-(520)348-8440,cparkerjs@mayoclinic.com
Kelly,Wallace,81-(389)424-8816,kwallacejt@cocolog-nifty.com
Larry,Crawford,502-(829)974-2781,lcrawfordju@icq.com
Cheryl,Woods,351-(928)833-6928,cwoodsjv@indiegogo.com
Keith,Reed,55-(532)883-8676,kreedjw@diigo.com
Christopher,Simmons,30-(899)272-3695,csimmonsjx@china.com.cn
Roy,Hart,385-(149)519-7073,rhartjy@mac.com
George,Moreno,58-(295)266-9890,gmorenojz@ebay.com
Eric,Stone,86-(982)482-1634,estonek0@joomla.org
Melissa,Reid,380-(293)235-2348,mreidk1@blogs.com
Anthony,Murphy,82-(765)655-1363,amurphyk2@wiley.com
Roy,Spencer,62-(528)885-8382,rspencerk3@columbia.edu
Jane,Hicks,351-(432)764-0119,jhicksk4@utexas.edu
Joyce,Hughes,234-(825)874-7191,jhughesk5@europa.eu
Laura,Garrett,81-(114)768-5262,lgarrettk6@purevolume.com
Daniel,Nguyen,62-(884)335-8244,dnguyenk7@cbslocal.com
Lisa,Jordan,66-(542)505-0271,ljordank8@amazon.de
Judy,Morris,86-(585)637-2753,jmorrisk9@opera.com
Katherine,Gordon,86-(898)406-5127,kgordonka@ibm.com
David,Cook,63-(691)277-4441,dcookkb@youku.com
Clarence,Kelly,48-(422)816-8785,ckellykc@omniture.com
Eric,Gutierrez,994-(142)259-4806,egutierrezkd@flavors.me
Diane,Perry,62-(175)933-3697,dperryke@photobucket.com
Victor,George,1-(314)212-9283,vgeorgekf@cafepress.com
Jerry,Young,34-(852)781-9642,jyoungkg@smh.com.au
Jeremy,Burke,45-(759)883-8509,jburkekh@squarespace.com
Antonio,Greene,385-(988)323-7608,agreeneki@trellian.com
Joan,Dean,251-(754)729-3083,jdeankj@addthis.com
Susan,Wagner,55-(237)161-0855,swagnerkk@wikimedia.org
Albert,Wright,380-(266)387-1416,awrightkl@people.com.cn
Todd,Gomez,256-(629)424-6116,tgomezkm@harvard.edu
Evelyn,Young,86-(283)400-5451,eyoungkn@blogtalkradio.com
Russell,Kelly,1-(840)462-3834,rkellyko@constantcontact.com
Karen,Oliver,57-(610)283-0535,koliverkp@rakuten.co.jp
Tina,Torres,351-(772)710-8102,ttorreskq@hud.gov
Billy,Brooks,20-(202)349-3230,bbrookskr@upenn.edu
Albert,Boyd,81-(329)661-2939,aboydks@facebook.com
Jeremy,Hunter,48-(120)487-2373,jhunterkt@creativecommons.org
Martha,Schmidt,86-(715)964-2408,mschmidtku@sciencedaily.com
Willie,Andrews,66-(106)966-9821,wandrewskv@vk.com
Maria,Morris,27-(790)658-1819,mmorriskw@devhub.com
Donna,Boyd,54-(901)869-0084,dboydkx@ebay.com
Kathy,Ward,63-(483)722-2853,kwardky@prnewswire.com
Robin,Dunn,60-(792)715-4554,rdunnkz@dagondesign.com
Jesse,Hall,358-(354)663-1282,jhalll0@google.es
Ralph,Porter,33-(940)144-2719,rporterl1@edublogs.org
Louis,Anderson,7-(420)766-4890,landersonl2@istockphoto.com
Rachel,Fuller,86-(403)747-0377,rfullerl3@dailymail.co.uk
Kathleen,Torres,55-(260)837-3849,ktorresl4@bloglines.com
Cynthia,Gonzales,48-(131)750-5022,cgonzalesl5@cdc.gov
Keith,Riley,353-(769)658-0113,krileyl6@prweb.com
Barbara,Price,55-(534)107-8653,bpricel7@go.com
Scott,Stewart,7-(903)269-4280,sstewartl8@furl.net
