first_name,last_name,phone,email
Roy,Torres,86-(671)883-4288,rtorres0@sciencedirect.com
Benjamin,Cunningham,86-(388)779-0810,bcunningham1@ustream.tv
Fred,Barnes,33-(633)212-1112,fbarnes2@boston.com
Lori,Campbell,86-(604)267-5594,lcampbell3@upenn.edu
Amanda,Martin,86-(547)535-0422,amartin4@eepurl.com
Andrea,Gordon,976-(520)899-6464,agordon5@studiopress.com
Juan,Rogers,962-(368)761-6959,jrogers6@yelp.com
Mildred,Daniels,86-(323)731-2365,mdaniels7@amazon.com
Jean,Romero,970-(719)344-5800,jromero8@simplemachines.org
Albert,James,254-(231)143-5653,ajames9@ustream.tv
Katherine,Cooper,86-(236)894-9897,kcoopera@homestead.com
Ashley,Gibson,7-(289)373-9942,agibsonb@elegantthemes.com
Paul,Williamson,389-(467)527-9733,pwilliamsonc@networksolutions.com
Bonnie,Gutierrez,86-(661)421-7738,bgutierrezd@163.com
Karen,Brooks,86-(228)416-2448,kbrookse@reverbnation.com
Nicholas,Hayes,86-(198)758-0921,nhayesf@opera.com
Edward,Martinez,1-(718)373-9199,emartinezg@devhub.com
Judith,Ramirez,86-(990)831-9972,jramirezh@theatlantic.com
David,Simmons,52-(411)985-0905,dsimmonsi@parallels.com
Susan,Robertson,351-(672)743-3153,srobertsonj@bluehost.com
Philip,Robinson,86-(873)260-4114,probinsonk@webeden.co.uk
Theresa,Murray,62-(816)593-7257,tmurrayl@apple.com
Eugene,Garrett,591-(115)880-3091,egarrettm@vimeo.com
Chris,Davis,242-(979)752-8332,cdavisn@mayoclinic.com
Peter,Ellis,86-(463)342-9104,pelliso@yellowbook.com
Joseph,Oliver,54-(209)737-8135,joliverp@narod.ru
Teresa,Lopez,54-(818)849-8929,tlopezq@360.cn
Jeremy,Howard,27-(146)456-1329,jhowardr@wiley.com
Jerry,Fernandez,47-(542)163-1576,jfernandezs@php.net
Phyllis,Wagner,385-(252)816-4791,pwagnert@cam.ac.uk
Doris,Spencer,56-(267)825-7090,dspenceru@blogger.com
Jimmy,Long,86-(793)793-3124,jlongv@ted.com
Susan,Ross,265-(707)487-6242,srossw@wsj.com
Patrick,Fuller,33-(281)170-1675,pfullerx@addthis.com
Anna,Rice,86-(915)311-1809,aricey@ucsd.edu
Theresa,Bryant,264-(623)191-3803,tbryantz@hp.com
Andrew,Harvey,62-(652)863-6769,aharvey10@technorati.com
Joan,Alexander,352-(915)432-4796,jalexander11@bizjournals.com
Doris,Peters,353-(994)546-0250,dpeters12@nymag.com
Jennifer,Ward,86-(999)818-8554,jward13@free.fr
Randy,Day,223-(827)221-5192,rday14@instagram.com
Lisa,Andrews,502-(561)519-4425,landrews15@nationalgeographic.com
Martin,Morales,86-(792)815-6040,mmorales16@kickstarter.com
Walter,Day,86-(877)250-5754,wday17@archive.org
Pamela,Anderson,86-(455)842-9080,panderson18@imdb.com
Johnny,Cruz,98-(329)261-5017,jcruz19@zdnet.com
Emily,Burns,60-(944)535-6746,eburns1a@desdev.cn
Lisa,Wright,63-(890)253-3582,lwright1b@accuweather.com
Rebecca,Ross,54-(211)693-3190,rross1c@biblegateway.com
Joshua,Lane,48-(967)460-6237,jlane1d@sciencedaily.com
Jean,Johnson,63-(100)934-6972,jjohnson1e@soundcloud.com
Brian,Torres,1-(982)947-6859,btorres1f@sourceforge.net
Chris,Fields,1-(214)453-6096,cfields1g@marketwatch.com
Kevin,Cole,48-(996)389-8070,kcole1h@is.gd
Anthony,Schmidt,86-(658)890-3248,aschmidt1i@google.com.au
Katherine,Henry,374-(806)579-6917,khenry1j@samsung.com
Amy,Peters,48-(482)214-9870,apeters1k@discovery.com
Justin,Washington,7-(505)749-8910,jwashington1l@themeforest.net
Frances,Watkins,358-(491)348-0817,fwatkins1m@plala.or.jp
Kathryn,Hunt,51-(896)127-5356,khunt1n@dailymail.co.uk
Rose,Richardson,86-(835)178-5302,rrichardson1o@cyberchimps.com
Samuel,Rodriguez,1-(570)524-1558,srodriguez1p@ustream.tv
Samuel,Vasquez,86-(325)990-3235,svasquez1q@disqus.com
Christopher,Ruiz,86-(639)889-6957,cruiz1r@ca.gov
Albert,Myers,351-(460)780-1447,amyers1s@parallels.com
Rachel,Gordon,39-(267)249-5689,rgordon1t@abc.net.au
Judith,Rose,55-(867)375-0665,jrose1u@google.es
Lori,Shaw,92-(214)996-3770,lshaw1v@youtu.be
Paul,Elliott,505-(776)506-8938,pelliott1w@howstuffworks.com
Fred,Rivera,351-(605)856-7641,frivera1x@odnoklassniki.ru
Laura,Marshall,51-(622)742-7147,lmarshall1y@ca.gov
Jacqueline,Gonzalez,86-(145)702-0669,jgonzalez1z@addtoany.com
Diane,Patterson,86-(441)715-1722,dpatterson20@deliciousdays.com
Timothy,Ryan,222-(969)991-6339,tryan21@jalbum.net
Kathleen,Castillo,33-(230)574-1563,kcastillo22@timesonline.co.uk
Melissa,Martin,86-(993)351-3403,mmartin23@devhub.com
Dennis,Fowler,7-(402)514-5954,dfowler24@wikipedia.org
Sean,Anderson,359-(520)360-2176,sanderson25@paginegialle.it
Janice,Cooper,254-(595)403-3648,jcooper26@vistaprint.com
Peter,Patterson,55-(270)146-7621,ppatterson27@myspace.com
Rose,Stone,86-(900)924-8359,rstone28@live.com
Rebecca,Fisher,66-(731)735-0128,rfisher29@themeforest.net
Justin,Henderson,380-(870)250-1073,jhenderson2a@theglobeandmail.com
Rose,Garcia,7-(502)510-7615,rgarcia2b@squarespace.com
Evelyn,Perez,7-(506)997-1007,eperez2c@springer.com
Carol,Harrison,62-(535)323-6158,charrison2d@miibeian.gov.cn
Teresa,Carpenter,385-(795)825-7108,tcarpenter2e@marriott.com
Jeffrey,Kelley,94-(228)203-5450,jkelley2f@netscape.com
Jonathan,Carter,7-(833)177-7697,jcarter2g@bing.com
Ronald,Taylor,62-(796)140-3417,rtaylor2h@goo.ne.jp
Jimmy,Tucker,7-(558)121-4066,jtucker2i@cisco.com
Julia,Long,86-(492)527-0910,jlong2j@feedburner.com
James,Pierce,63-(725)417-6496,jpierce2k@scribd.com
Anna,Evans,1-(561)577-2112,aevans2l@zdnet.com
Nicholas,Baker,62-(903)255-1246,nbaker2m@quantcast.com
Teresa,Cruz,670-(403)893-4154,tcruz2n@twitpic.com
Wanda,King,86-(458)402-0064,wking2o@blog.com
Kenneth,Carpenter,30-(681)851-3050,kcarpenter2p@google.com.au
Terry,Garcia,86-(410)527-9840,tgarcia2q@cbc.ca
Judith,Baker,62-(544)434-8094,jbaker2r@symantec.com
Ashley,Cruz,33-(943)833-3542,acruz2s@goo.ne.jp
Michael,Wilson,51-(583)286-0918,mwilson2t@reverbnation.com
Randy,Duncan,54-(347)590-9843,rduncan2u@sitemeter.com
Robert,Ramos,62-(728)432-3236,rramos2v@multiply.com
Donna,Gibson,62-(265)459-9697,dgibson2w@stanford.edu
Ernest,Gordon,52-(540)822-4692,egordon2x@weebly.com
Howard,Daniels,1-(317)346-7235,hdaniels2y@netscape.com
Bruce,Nguyen,856-(284)186-4846,bnguyen2z@oaic.gov.au
Richard,Ford,62-(490)353-3401,rford30@photobucket.com
Jeffrey,Kennedy,30-(956)104-4501,jkennedy31@businessweek.com
Beverly,Black,352-(876)972-5805,bblack32@fc2.com
Harry,Daniels,62-(476)232-1385,hdaniels33@a8.net
John,Nichols,86-(734)363-2545,jnichols34@marriott.com
Ernest,Fernandez,351-(924)950-3658,efernandez35@bluehost.com
Terry,Elliott,86-(812)117-3905,telliott36@pcworld.com
Earl,Knight,86-(335)825-3494,eknight37@mozilla.org
Joan,Murray,55-(172)179-4123,jmurray38@businessweek.com
Ernest,Martinez,48-(241)444-7521,emartinez39@examiner.com
Ralph,Wilson,60-(750)590-8200,rwilson3a@newyorker.com
Antonio,Ortiz,51-(449)367-5397,aortiz3b@businessweek.com
Elizabeth,Ross,86-(962)100-8285,eross3c@wikipedia.org
Keith,Stanley,381-(737)329-5372,kstanley3d@unc.edu
Nancy,Graham,1-(412)349-8971,ngraham3e@npr.org
Robert,West,86-(807)748-9447,rwest3f@virginia.edu
Michelle,Murphy,227-(282)594-9033,mmurphy3g@ftc.gov
Ruby,Ryan,55-(512)956-8449,rryan3h@51.la
Gregory,Hall,48-(240)573-9098,ghall3i@exblog.jp
Annie,Stewart,86-(933)495-5058,astewart3j@cbslocal.com
Laura,Gilbert,225-(609)904-6953,lgilbert3k@yelp.com
Jonathan,Davis,62-(586)688-4518,jdavis3l@uiuc.edu
Jean,Mcdonald,57-(899)891-0681,jmcdonald3m@odnoklassniki.ru
Roy,Vasquez,505-(579)541-0743,rvasquez3n@mozilla.com
Fred,Peterson,48-(111)394-9521,fpeterson3o@themeforest.net
Russell,Porter,63-(573)462-7813,rporter3p@last.fm
Louis,Vasquez,86-(701)285-8181,lvasquez3q@arstechnica.com
Richard,Tucker,351-(843)861-2978,rtucker3r@clickbank.net
Margaret,Hernandez,54-(694)964-9224,mhernandez3s@google.es
Phillip,Wells,504-(679)252-0236,pwells3t@slate.com
Adam,Baker,48-(937)662-1004,abaker3u@e-recht24.de
Wayne,Morgan,62-(262)809-1080,wmorgan3v@gravatar.com
Annie,Hill,54-(474)811-9488,ahill3w@shareasale.com
Linda,Howard,351-(664)354-5934,lhoward3x@smugmug.com
Anthony,Martinez,52-(866)236-2437,amartinez3y@cbslocal.com
Shirley,Collins,62-(164)325-1197,scollins3z@boston.com
Gregory,Kelly,55-(239)582-7716,gkelly40@google.cn
Sharon,Rose,62-(227)360-4925,srose41@upenn.edu
Amy,Hall,7-(834)885-3494,ahall42@wix.com
Bobby,Garcia,98-(495)104-5162,bgarcia43@usnews.com
Ruth,Frazier,62-(324)877-9793,rfrazier44@slate.com
Chris,Spencer,53-(945)593-1946,cspencer45@latimes.com
Joyce,Ortiz,86-(407)993-3859,jortiz46@sohu.com
Arthur,Edwards,62-(243)619-5650,aedwards47@usa.gov
Marie,Perkins,62-(333)179-5810,mperkins48@howstuffworks.com
Mildred,Spencer,63-(875)615-3958,mspencer49@cdbaby.com
Russell,Payne,86-(611)251-1507,rpayne4a@hatena.ne.jp
Frank,Reynolds,7-(738)521-5094,freynolds4b@ameblo.jp
Christina,Fields,420-(733)970-7995,cfields4c@ning.com
Maria,Adams,55-(172)979-8499,madams4d@reverbnation.com
Fred,Romero,55-(434)175-9034,fromero4e@cnet.com
Betty,Stanley,36-(560)190-9415,bstanley4f@dailymail.co.uk
Sarah,Wilson,63-(708)414-5024,swilson4g@time.com
Norma,Willis,7-(546)101-1040,nwillis4h@jimdo.com
Lawrence,Simmons,30-(250)514-8796,lsimmons4i@hugedomains.com
Shawn,Willis,7-(619)343-2020,swillis4j@mac.com
Adam,Alexander,420-(856)396-5215,aalexander4k@kickstarter.com
Douglas,Olson,48-(307)487-5636,dolson4l@paypal.com
John,Morrison,48-(436)396-1865,jmorrison4m@blogtalkradio.com
Victor,Ellis,60-(705)433-6753,vellis4n@bbc.co.uk
Mildred,Jacobs,86-(695)881-7374,mjacobs4o@google.com.au
Sandra,Austin,60-(497)743-3073,saustin4p@yolasite.com
Tina,Clark,55-(758)119-4788,tclark4q@alibaba.com
Peter,Mccoy,62-(623)974-4241,pmccoy4r@dailymail.co.uk
Carl,Ellis,51-(483)403-8283,cellis4s@zdnet.com
Terry,Frazier,505-(818)787-7828,tfrazier4t@tripod.com
Lois,Hunter,260-(595)152-9686,lhunter4u@com.com
Amanda,Boyd,86-(787)419-3565,aboyd4v@umich.edu
Bobby,Marshall,351-(664)453-2565,bmarshall4w@cisco.com
Beverly,Hughes,86-(333)467-1684,bhughes4x@dropbox.com
Pamela,Stone,7-(789)535-2344,pstone4y@sakura.ne.jp
Steven,Mills,55-(876)422-7221,smills4z@umn.edu
Laura,Griffin,850-(658)260-9960,lgriffin50@cam.ac.uk
Joyce,Gardner,7-(538)498-4648,jgardner51@edublogs.org
Jennifer,Lane,420-(173)599-8178,jlane52@imdb.com
Julie,Mcdonald,53-(473)516-1549,jmcdonald53@trellian.com
Tina,Rodriguez,62-(169)712-9272,trodriguez54@fema.gov
Jerry,Richardson,1-(513)156-2574,jrichardson55@rambler.ru
Bobby,Gibson,86-(528)846-5985,bgibson56@cbsnews.com
Louise,Lopez,62-(743)327-9514,llopez57@sfgate.com
Antonio,Rogers,234-(475)925-3845,arogers58@squidoo.com
Diane,Baker,49-(682)198-6449,dbaker59@nyu.edu
Benjamin,Taylor,62-(455)795-8847,btaylor5a@sina.com.cn
Julie,Banks,31-(676)368-6585,jbanks5b@smugmug.com
Chris,Garza,46-(715)622-1999,cgarza5c@oaic.gov.au
Melissa,Webb,355-(967)642-6855,mwebb5d@cdbaby.com
Dennis,Price,48-(693)774-7878,dprice5e@hibu.com
Paul,Duncan,30-(525)651-5931,pduncan5f@blogs.com
Cheryl,Wells,351-(319)801-3035,cwells5g@goo.ne.jp
Carolyn,Powell,234-(779)684-2406,cpowell5h@dmoz.org
Larry,Parker,994-(193)630-3527,lparker5i@paginegialle.it
Janet,Watkins,1-(515)253-1159,jwatkins5j@chron.com
Philip,Mendoza,880-(825)555-4561,pmendoza5k@shop-pro.jp
Lori,Edwards,351-(886)246-7218,ledwards5l@ow.ly
Robin,Harper,48-(854)123-6919,rharper5m@irs.gov
Robert,Chapman,62-(621)375-4884,rchapman5n@jugem.jp
Albert,Graham,55-(865)762-1310,agraham5o@privacy.gov.au
Carolyn,Long,62-(773)171-7650,clong5p@nsw.gov.au
Dennis,Young,7-(181)481-7345,dyoung5q@engadget.com
Doris,Hanson,1-(305)798-5903,dhanson5r@paypal.com
Alice,Garza,47-(306)560-0559,agarza5s@whitehouse.gov
Ryan,Wells,353-(171)737-0711,rwells5t@hao123.com
Denise,Gutierrez,86-(887)539-8767,dgutierrez5u@kickstarter.com
Sarah,Price,351-(631)733-0030,sprice5v@latimes.com
David,Diaz,66-(244)368-9016,ddiaz5w@instagram.com
Kathy,Sanchez,256-(265)334-8017,ksanchez5x@boston.com
Nancy,Mason,63-(999)675-4524,nmason5y@geocities.jp
Brandon,Stanley,86-(442)119-8309,bstanley5z@nbcnews.com
Raymond,Cox,86-(559)588-3310,rcox60@quantcast.com
Lawrence,Hamilton,63-(795)772-7469,lhamilton61@hatena.ne.jp
Patricia,Ward,33-(568)389-0972,pward62@taobao.com
Jane,Knight,48-(931)208-1458,jknight63@google.it
Kimberly,Jackson,81-(433)929-8101,kjackson64@xing.com
Sharon,Fox,86-(511)480-2361,sfox65@un.org
Douglas,Gibson,62-(695)883-2551,dgibson66@de.vu
Anthony,Bishop,41-(283)404-7996,abishop67@soundcloud.com
George,Warren,33-(982)234-6028,gwarren68@arizona.edu
Katherine,Campbell,593-(196)221-6053,kcampbell69@zimbio.com
Mark,Jordan,966-(635)442-3070,mjordan6a@icio.us
Tina,Riley,62-(598)953-1489,triley6b@apple.com
Aaron,George,63-(343)574-0971,ageorge6c@tamu.edu
Victor,Parker,62-(899)847-7472,vparker6d@tinypic.com
William,Lynch,57-(401)498-0745,wlynch6e@shinystat.com
Kevin,Ortiz,34-(338)373-6520,kortiz6f@geocities.jp
Robin,Larson,420-(640)500-7385,rlarson6g@webeden.co.uk
Jason,Holmes,223-(356)664-9448,jholmes6h@sun.com
Peter,Cook,55-(720)817-4350,pcook6i@amazonaws.com
Carl,Ferguson,51-(811)975-5166,cferguson6j@unesco.org
Kevin,Bailey,55-(409)919-8591,kbailey6k@answers.com
Karen,Wheeler,63-(963)245-3077,kwheeler6l@sourceforge.net
Bobby,Wright,351-(443)554-2115,bwright6m@ibm.com
Lawrence,Murray,86-(594)532-5193,lmurray6n@t.co
Robin,Butler,62-(591)681-5964,rbutler6o@bing.com
Gary,Matthews,86-(898)663-7424,gmatthews6p@cbslocal.com
Christopher,Parker,1-(176)123-7348,cparker6q@usatoday.com
Chris,Brooks,98-(124)669-1467,cbrooks6r@1688.com
Carl,Gilbert,374-(584)624-1988,cgilbert6s@hubpages.com
Philip,Freeman,972-(949)974-6764,pfreeman6t@surveymonkey.com
Evelyn,Montgomery,62-(910)546-5877,emontgomery6u@sogou.com
Phillip,Grant,86-(136)472-1163,pgrant6v@opera.com
Judith,Green,63-(357)248-6400,jgreen6w@issuu.com
Carlos,Hall,269-(271)697-4103,chall6x@oaic.gov.au
Shirley,Stewart,63-(434)319-5021,sstewart6y@about.com
Bonnie,Lawrence,358-(445)711-6957,blawrence6z@washington.edu
Karen,Scott,51-(937)207-4876,kscott70@yelp.com
Gregory,Dunn,46-(820)416-4605,gdunn71@amazon.co.uk
Wayne,Johnston,81-(571)228-7261,wjohnston72@wsj.com
Andrea,Myers,86-(940)637-6259,amyers73@dagondesign.com
Alan,Riley,93-(684)585-7731,ariley74@gmpg.org
Cheryl,White,1-(726)836-8211,cwhite75@moonfruit.com
Deborah,Crawford,359-(943)517-2212,dcrawford76@hugedomains.com
Paul,Robertson,86-(596)140-6907,probertson77@berkeley.edu
Jose,Rivera,48-(230)493-9652,jrivera78@yale.edu
Michelle,Chavez,30-(197)553-9170,mchavez79@rediff.com
Kathy,Ortiz,30-(236)366-8710,kortiz7a@vimeo.com
Heather,Dean,62-(957)799-5266,hdean7b@plala.or.jp
Linda,Hill,7-(581)596-3062,lhill7c@g.co
Donna,Porter,86-(318)460-6152,dporter7d@privacy.gov.au
Virginia,Olson,62-(303)874-6882,volson7e@surveymonkey.com
Jerry,Nguyen,86-(758)131-5245,jnguyen7f@mit.edu
Carol,Hansen,62-(914)959-3389,chansen7g@globo.com
Jesse,Ryan,86-(157)754-0676,jryan7h@abc.net.au
Ashley,Roberts,93-(827)797-8547,aroberts7i@webmd.com
Anna,Chapman,234-(875)821-8210,achapman7j@discovery.com
Betty,Hernandez,48-(724)270-7615,bhernandez7k@virginia.edu
Ruby,Brooks,62-(733)961-0818,rbrooks7l@odnoklassniki.ru
Jeffrey,Gibson,992-(103)270-9161,jgibson7m@bizjournals.com
Jeffrey,Day,86-(133)952-2533,jday7n@xrea.com
Kathryn,Jackson,62-(224)454-1484,kjackson7o@oracle.com
Alice,Hicks,62-(634)948-3131,ahicks7p@youku.com
Wanda,Bell,33-(174)929-7565,wbell7q@cdbaby.com
Amy,Palmer,48-(362)958-3984,apalmer7r@yale.edu
Matthew,Stanley,86-(969)648-6763,mstanley7s@sogou.com
Phillip,Lewis,86-(245)225-6970,plewis7t@reference.com
Scott,Banks,86-(982)984-2667,sbanks7u@home.pl
Rose,Hayes,81-(739)834-9159,rhayes7v@latimes.com
Roy,Butler,86-(865)153-0225,rbutler7w@theguardian.com
Stephanie,Lopez,55-(961)550-3623,slopez7x@sciencedirect.com
Brenda,Spencer,351-(648)775-5463,bspencer7y@prnewswire.com
Denise,Schmidt,7-(807)233-7057,dschmidt7z@dailymotion.com
Cheryl,Boyd,86-(567)216-8538,cboyd80@dmoz.org
Douglas,Sullivan,62-(736)692-2820,dsullivan81@yelp.com
Shirley,Parker,351-(702)951-3248,sparker82@hud.gov
Billy,Patterson,45-(316)525-2745,bpatterson83@xinhuanet.com
Denise,Long,1-(664)990-2521,dlong84@noaa.gov
Dennis,Chavez,62-(440)332-9887,dchavez85@census.gov
Craig,Peters,1-(772)784-7063,cpeters86@ucoz.com
Kevin,Barnes,46-(174)554-5369,kbarnes87@parallels.com
Jeffrey,Meyer,46-(439)657-5941,jmeyer88@gnu.org
Donna,Warren,386-(484)478-2010,dwarren89@prlog.org
Wayne,Butler,372-(708)673-5211,wbutler8a@tinyurl.com
Keith,Burke,261-(242)462-9289,kburke8b@squarespace.com
Peter,Bishop,33-(886)111-4129,pbishop8c@state.gov
Catherine,Larson,34-(658)524-0937,clarson8d@blogger.com
Thomas,Day,355-(711)163-0969,tday8e@engadget.com
Jonathan,Graham,54-(683)178-6157,jgraham8f@fema.gov
Louise,Nguyen,62-(150)260-3494,lnguyen8g@java.com
James,Long,86-(662)926-6709,jlong8h@istockphoto.com
Sharon,Cruz,63-(396)430-5943,scruz8i@bigcartel.com
Jeffrey,Gibson,86-(104)777-5086,jgibson8j@cnbc.com
Patricia,Thompson,55-(636)637-6872,pthompson8k@tumblr.com
Edward,Miller,33-(273)960-3667,emiller8l@simplemachines.org
Judy,Gray,36-(602)968-1457,jgray8m@webmd.com
Sandra,Lawson,62-(181)144-1157,slawson8n@hc360.com
Paula,Oliver,53-(137)834-4808,poliver8o@reverbnation.com
Amy,Schmidt,95-(474)665-8672,aschmidt8p@amazon.co.jp
Kathleen,Fernandez,46-(843)593-5540,kfernandez8q@admin.ch
Jennifer,Hayes,86-(388)831-8055,jhayes8r@yellowbook.com
Paul,Cole,62-(432)459-6819,pcole8s@lulu.com
Ryan,Matthews,972-(245)117-8490,rmatthews8t@webeden.co.uk
Katherine,Gordon,351-(144)851-5973,kgordon8u@gnu.org
Larry,Graham,389-(128)109-5211,lgraham8v@yelp.com
Martin,Garza,62-(877)413-9616,mgarza8w@businesswire.com
Lois,Bradley,1-(752)119-9811,lbradley8x@com.com
Irene,Price,63-(360)670-5242,iprice8y@msn.com
Louise,Berry,86-(747)692-8794,lberry8z@domainmarket.com
Johnny,James,977-(218)421-8737,jjames90@ezinearticles.com
Rebecca,Griffin,358-(890)159-1492,rgriffin91@sfgate.com
Joseph,Burns,63-(972)417-6162,jburns92@skype.com
Bonnie,Jones,86-(157)382-4155,bjones93@npr.org
Sandra,Howard,1-(843)468-9672,showard94@newsvine.com
Jane,Ford,33-(724)124-5168,jford95@cafepress.com
Roy,Sullivan,353-(541)716-0267,rsullivan96@google.pl
Judy,Adams,62-(886)447-2110,jadams97@ihg.com
Cynthia,Hayes,502-(182)696-5267,chayes98@netvibes.com
Rose,Alvarez,92-(835)857-0678,ralvarez99@irs.gov
Theresa,Nelson,1-(253)182-1879,tnelson9a@wix.com
Judith,Woods,62-(989)863-3891,jwoods9b@state.gov
Judith,Rivera,55-(968)422-9203,jrivera9c@blinklist.com
Diane,Stevens,54-(763)364-8724,dstevens9d@craigslist.org
Emily,Porter,86-(197)193-5588,eporter9e@reddit.com
Howard,Mason,52-(158)683-2511,hmason9f@house.gov
Justin,Peters,351-(966)548-5864,jpeters9g@gmpg.org
Ruby,Murphy,86-(798)916-7988,rmurphy9h@histats.com
Judith,Crawford,7-(614)458-7772,jcrawford9i@discovery.com
Ernest,Cruz,30-(925)699-7594,ecruz9j@google.com.hk
Craig,Andrews,31-(637)238-0161,candrews9k@myspace.com
Gloria,Hicks,62-(148)626-2872,ghicks9l@comsenz.com
Paul,Stewart,256-(978)912-7921,pstewart9m@pinterest.com
Keith,Ortiz,62-(302)137-1201,kortiz9n@spiegel.de
Kevin,Ray,7-(989)600-7363,kray9o@epa.gov
Robin,Stephens,48-(576)777-3925,rstephens9p@twitpic.com
Chris,Anderson,86-(250)401-2215,canderson9q@istockphoto.com
Bonnie,Palmer,255-(848)156-4461,bpalmer9r@woothemes.com
Lois,Rivera,57-(676)287-3007,lrivera9s@desdev.cn
Marie,Gonzales,976-(295)688-0082,mgonzales9t@dmoz.org
Pamela,Richards,46-(144)214-6693,prichards9u@craigslist.org
Robin,Mason,30-(222)737-1168,rmason9v@cnn.com
Stephen,Ramirez,62-(353)467-6448,sramirez9w@delicious.com
Kathryn,Pierce,227-(830)976-1577,kpierce9x@tripadvisor.com
Adam,Montgomery,33-(306)756-9399,amontgomery9y@example.com
Timothy,Olson,48-(858)647-0188,tolson9z@utexas.edu
Donna,Murphy,880-(572)421-1326,dmurphya0@flickr.com
Sara,Russell,86-(194)781-6962,srussella1@163.com
Deborah,Hunter,86-(475)574-2292,dhuntera2@macromedia.com
Cheryl,Cole,63-(944)825-4838,ccolea3@drupal.org
Richard,Chavez,86-(771)158-8593,rchaveza4@google.it
Earl,Richardson,63-(671)639-3731,erichardsona5@apache.org
Barbara,Ward,48-(123)549-3236,bwarda6@china.com.cn
Katherine,Carter,86-(947)717-8615,kcartera7@dailymotion.com
Matthew,Kelley,46-(906)464-6904,mkelleya8@hubpages.com
James,Holmes,62-(195)693-8879,jholmesa9@odnoklassniki.ru
Robert,Stewart,60-(491)755-2300,rstewartaa@squarespace.com
Rachel,Watson,382-(141)999-3680,rwatsonab@bloomberg.com
Melissa,Day,62-(454)834-4602,mdayac@businesswire.com
Bobby,Peters,33-(299)974-8397,bpetersad@theguardian.com
Mary,Hunter,962-(981)423-6171,mhunterae@cmu.edu
Martha,James,229-(507)972-8964,mjamesaf@japanpost.jp
Charles,Hayes,62-(807)824-6526,chayesag@redcross.org
Gerald,Johnston,63-(836)412-2045,gjohnstonah@upenn.edu
Benjamin,Kelley,62-(713)202-5009,bkelleyai@economist.com
Joseph,Kennedy,420-(586)789-0460,jkennedyaj@mozilla.com
Peter,Hunter,380-(393)281-1023,phunterak@naver.com
Keith,Bennett,502-(890)918-3285,kbennettal@sun.com
Johnny,Mcdonald,33-(109)192-8901,jmcdonaldam@reference.com
Carlos,Fox,63-(781)208-0146,cfoxan@imdb.com
Anne,Freeman,48-(495)866-5316,afreemanao@si.edu
Tina,Griffin,62-(621)292-4454,tgriffinap@latimes.com
Sharon,Carroll,353-(835)900-2734,scarrollaq@abc.net.au
Frances,Martin,86-(688)357-6389,fmartinar@wufoo.com
Harold,Woods,994-(183)806-9556,hwoodsas@addtoany.com
Margaret,Mitchell,63-(778)962-0390,mmitchellat@ucoz.com
Margaret,Snyder,63-(807)517-3498,msnyderau@theatlantic.com
Billy,Andrews,51-(482)736-1999,bandrewsav@usgs.gov
Martha,Lee,63-(987)811-3429,mleeaw@redcross.org
Wanda,Ryan,48-(673)770-8221,wryanax@google.ca
Edward,Kelley,7-(882)483-2782,ekelleyay@theatlantic.com
Susan,Stephens,1-(457)619-4108,sstephensaz@businesswire.com
Jane,Gray,62-(964)422-9195,jgrayb0@europa.eu
Jennifer,Webb,86-(906)822-7704,jwebbb1@microsoft.com
Michelle,Morrison,7-(814)970-4161,mmorrisonb2@oakley.com
Kenneth,Wood,46-(752)189-8515,kwoodb3@cargocollective.com
Carol,Harvey,86-(222)446-9013,charveyb4@google.co.jp
Sandra,Oliver,86-(582)783-9948,soliverb5@lulu.com
Janice,Fields,63-(436)313-7458,jfieldsb6@so-net.ne.jp
Jason,Griffin,86-(107)915-8422,jgriffinb7@last.fm
Patrick,Mitchell,62-(891)197-6614,pmitchellb8@newyorker.com
Betty,Davis,86-(175)414-3519,bdavisb9@bbb.org
Nancy,Martinez,234-(382)822-8748,nmartinezba@infoseek.co.jp
William,Ferguson,502-(835)231-6145,wfergusonbb@ted.com
Lori,Greene,371-(295)429-7779,lgreenebc@adobe.com
Dorothy,Ward,257-(311)419-5321,dwardbd@godaddy.com
Sarah,Chavez,351-(708)585-7532,schavezbe@xing.com
Mary,Hamilton,7-(552)523-1096,mhamiltonbf@cloudflare.com
Clarence,Castillo,33-(813)599-6432,ccastillobg@ning.com
James,Gardner,86-(706)934-1920,jgardnerbh@ezinearticles.com
Kenneth,Johnson,57-(857)186-5470,kjohnsonbi@narod.ru
George,Lawrence,62-(524)229-6985,glawrencebj@google.ca
Todd,Boyd,52-(225)189-3194,tboydbk@google.ru
Justin,Fernandez,86-(508)979-6219,jfernandezbl@wisc.edu
Willie,West,86-(371)475-2497,wwestbm@biglobe.ne.jp
Steven,Jones,86-(287)481-2688,sjonesbn@plala.or.jp
Patrick,Gordon,7-(630)824-3727,pgordonbo@admin.ch
Roger,Davis,57-(702)693-4784,rdavisbp@ucoz.ru
Jean,Mills,53-(230)432-2242,jmillsbq@people.com.cn
Lisa,Payne,92-(815)231-1751,lpaynebr@sitemeter.com
Gloria,Spencer,86-(518)781-4377,gspencerbs@constantcontact.com
Gregory,Murray,234-(869)447-0829,gmurraybt@phpbb.com
Andrew,Perry,63-(689)395-0051,aperrybu@hubpages.com
Amanda,Gonzales,86-(827)395-4072,agonzalesbv@apple.com
Brian,Vasquez,385-(632)952-1770,bvasquezbw@multiply.com
Frank,Lane,62-(523)433-5760,flanebx@technorati.com
Frank,Wood,86-(103)556-7167,fwoodby@com.com
Catherine,Porter,82-(430)715-1970,cporterbz@ocn.ne.jp
Craig,Reyes,963-(992)550-6760,creyesc0@buzzfeed.com
Christine,Payne,53-(209)564-1522,cpaynec1@nasa.gov
Chris,Castillo,225-(907)619-0899,ccastilloc2@independent.co.uk
Ann,Nichols,420-(741)937-9185,anicholsc3@phpbb.com
Ruby,Palmer,351-(198)993-2146,rpalmerc4@nbcnews.com
Howard,Franklin,86-(560)940-2908,hfranklinc5@infoseek.co.jp
Anne,Weaver,81-(408)521-0100,aweaverc6@disqus.com
Melissa,Kim,81-(676)321-5342,mkimc7@weebly.com
Kathleen,Coleman,62-(313)494-7182,kcolemanc8@time.com
Rachel,Watkins,86-(983)537-3815,rwatkinsc9@g.co
John,Wilson,7-(222)564-0345,jwilsonca@ehow.com
Samuel,Burke,86-(430)663-3908,sburkecb@unc.edu
Alan,Montgomery,1-(610)801-7711,amontgomerycc@narod.ru
Harry,Oliver,265-(966)934-2517,holivercd@berkeley.edu
Paula,Hicks,62-(420)262-2312,phicksce@timesonline.co.uk
Chris,Hunt,57-(532)518-8961,chuntcf@sina.com.cn
Keith,Nichols,81-(535)268-5968,knicholscg@cpanel.net
Sharon,Larson,387-(568)588-5749,slarsonch@prlog.org
Jane,Hamilton,48-(922)350-8530,jhamiltonci@nationalgeographic.com
Anthony,Hernandez,86-(950)789-0650,ahernandezcj@mapy.cz
Jesse,Frazier,504-(769)741-0762,jfrazierck@dagondesign.com
Antonio,Miller,66-(701)470-6156,amillercl@npr.org
Thomas,Carroll,55-(180)282-5164,tcarrollcm@ovh.net
Ronald,Bryant,86-(719)371-9405,rbryantcn@hatena.ne.jp
Keith,Moore,98-(768)557-9565,kmooreco@4shared.com
Daniel,Mcdonald,261-(409)136-1886,dmcdonaldcp@boston.com
Tammy,Smith,967-(667)355-9067,tsmithcq@cdbaby.com
Wayne,Gonzalez,1-(540)415-4759,wgonzalezcr@nbcnews.com
Billy,Snyder,62-(794)991-7297,bsnydercs@acquirethisname.com
Jesse,Price,93-(329)306-8485,jpricect@deviantart.com
Mildred,Freeman,374-(537)104-3674,mfreemancu@opensource.org
Katherine,Cole,55-(559)547-5472,kcolecv@tmall.com
Lawrence,Bennett,62-(477)647-9760,lbennettcw@vk.com
Martha,Owens,357-(479)910-8134,mowenscx@digg.com
Daniel,Rose,86-(861)238-7193,drosecy@godaddy.com
David,Bryant,86-(102)471-4487,dbryantcz@multiply.com
Philip,Freeman,86-(510)194-1797,pfreemand0@geocities.jp
Ruth,Ross,1-(238)574-2298,rrossd1@friendfeed.com
Stephen,Bryant,66-(958)900-7882,sbryantd2@webnode.com
Karen,Willis,57-(423)276-6333,kwillisd3@geocities.jp
Janet,Mcdonald,62-(797)269-8143,jmcdonaldd4@blog.com
Donald,Lee,254-(279)299-5022,dleed5@so-net.ne.jp
Walter,Freeman,63-(468)361-7621,wfreemand6@cyberchimps.com
Linda,Hart,234-(114)455-0932,lhartd7@people.com.cn
Gary,Ray,62-(307)714-7839,grayd8@hubpages.com
Rebecca,Brooks,48-(459)851-3075,rbrooksd9@sina.com.cn
Russell,Carpenter,62-(533)243-0623,rcarpenterda@pcworld.com
John,Stephens,55-(946)715-9789,jstephensdb@soup.io
Carl,Welch,351-(793)803-2854,cwelchdc@networkadvertising.org
Stephen,Shaw,86-(346)727-7948,sshawdd@aboutads.info
Willie,Boyd,86-(770)398-9729,wboydde@netvibes.com
James,Rose,504-(419)687-5730,jrosedf@ihg.com
Jennifer,Hudson,7-(121)980-9177,jhudsondg@artisteer.com
Joan,Murray,504-(461)579-7446,jmurraydh@sbwire.com
Theresa,Morris,963-(571)269-3351,tmorrisdi@baidu.com
Terry,Gutierrez,1-(104)185-8698,tgutierrezdj@icq.com
Mary,Dixon,30-(319)959-6096,mdixondk@artisteer.com
Melissa,Washington,54-(249)602-9054,mwashingtondl@deliciousdays.com
Ruby,Gibson,62-(449)236-1979,rgibsondm@sbwire.com
Kathryn,Fernandez,33-(794)153-5078,kfernandezdn@apple.com
Jennifer,James,1-(853)696-1517,jjamesdo@ovh.net
Russell,Henry,86-(766)258-4172,rhenrydp@cnn.com
Diana,Parker,86-(465)858-2198,dparkerdq@linkedin.com
Katherine,Owens,58-(476)799-2452,kowensdr@skype.com
Pamela,Bailey,46-(625)355-3168,pbaileyds@hatena.ne.jp
Teresa,Henry,297-(839)938-0502,thenrydt@pcworld.com
Wanda,Graham,62-(888)651-9220,wgrahamdu@miibeian.gov.cn
Annie,Cunningham,7-(866)212-7005,acunninghamdv@alibaba.com
Phyllis,Alexander,55-(644)435-6242,palexanderdw@prlog.org
Dennis,Butler,60-(414)630-6427,dbutlerdx@hp.com
Diane,Griffin,63-(539)837-4845,dgriffindy@deviantart.com
Nicole,Rodriguez,374-(207)347-9173,nrodriguezdz@usatoday.com
David,Miller,55-(829)870-1230,dmillere0@go.com
Gerald,James,62-(721)715-8782,gjamese1@indiatimes.com
Deborah,Sims,51-(773)237-6180,dsimse2@bizjournals.com
Julie,Myers,355-(358)687-7258,jmyerse3@sciencedaily.com
Christopher,Nelson,57-(872)441-5452,cnelsone4@parallels.com
Beverly,Edwards,86-(220)685-1425,bedwardse5@amazon.co.jp
Henry,Garcia,63-(778)227-0387,hgarciae6@who.int
Diane,White,7-(617)360-1485,dwhitee7@amazon.co.uk
Angela,Willis,86-(181)604-1920,awillise8@mit.edu
Arthur,Edwards,86-(990)349-9683,aedwardse9@smugmug.com
Lori,Arnold,86-(173)242-3237,larnoldea@cbsnews.com
Alan,Crawford,81-(822)209-8141,acrawfordeb@cdbaby.com
Beverly,Wood,33-(197)126-9459,bwoodec@sohu.com
Jane,Garrett,98-(706)576-4770,jgarretted@nsw.gov.au
Kathryn,Jordan,63-(938)462-8994,kjordanee@admin.ch
Betty,Daniels,351-(954)114-4493,bdanielsef@adobe.com
Dennis,Roberts,48-(303)374-3882,drobertseg@free.fr
Chris,Lane,62-(783)196-0102,claneeh@usa.gov
Shawn,Mitchell,355-(224)183-0328,smitchellei@drupal.org
Kathy,Palmer,63-(687)288-7544,kpalmerej@example.com
Harry,Richards,46-(850)680-5357,hrichardsek@surveymonkey.com
Sean,George,380-(872)284-3048,sgeorgeel@reverbnation.com
Harold,Nichols,963-(338)169-7388,hnicholsem@deliciousdays.com
Annie,Ramirez,46-(209)750-0295,aramirezen@cisco.com
Peter,Phillips,86-(362)838-1505,pphillipseo@cisco.com
Angela,Mason,55-(677)154-9306,amasonep@wikia.com
Steven,Crawford,255-(219)415-9262,scrawfordeq@washington.edu
Carolyn,Moreno,93-(747)273-2999,cmorenoer@blogs.com
Shawn,Arnold,86-(361)810-4603,sarnoldes@addtoany.com
Peter,Murphy,46-(478)677-8360,pmurphyet@engadget.com
Christopher,Bishop,48-(371)635-8486,cbishopeu@de.vu
Judith,Ford,258-(252)570-5854,jfordev@mozilla.org
Annie,Warren,502-(673)973-8455,awarrenew@house.gov
Lori,Montgomery,62-(960)138-1749,lmontgomeryex@icio.us
Eric,Franklin,232-(888)473-6549,efrankliney@unicef.org
Rachel,Wood,62-(854)680-0364,rwoodez@yahoo.com
Amy,Collins,358-(751)606-9638,acollinsf0@deliciousdays.com
Diane,Fields,371-(350)278-4169,dfieldsf1@gmpg.org
Kathryn,Thomas,57-(220)507-9739,kthomasf2@reuters.com
Robin,Long,228-(766)773-9768,rlongf3@netlog.com
Shawn,Spencer,54-(554)618-4939,sspencerf4@who.int
Denise,Washington,86-(498)417-4526,dwashingtonf5@merriam-webster.com
Bruce,Rice,255-(122)918-8640,bricef6@walmart.com
Gloria,Stone,86-(129)991-0300,gstonef7@reference.com
Theresa,Miller,385-(717)527-9985,tmillerf8@umich.edu
Steven,Ramos,86-(748)235-4340,sramosf9@plala.or.jp
Carol,Gibson,86-(923)785-4016,cgibsonfa@icq.com
Patrick,Hughes,62-(149)592-2224,phughesfb@tinypic.com
Theresa,Tucker,7-(497)145-9413,ttuckerfc@naver.com
Katherine,Bailey,62-(357)987-7656,kbaileyfd@chicagotribune.com
Jane,Peters,62-(930)530-3441,jpetersfe@bbb.org
Joe,Perry,63-(386)395-7744,jperryff@nymag.com
Lillian,Martinez,62-(455)859-4080,lmartinezfg@prnewswire.com
Dorothy,Jenkins,66-(481)761-5968,djenkinsfh@seesaa.net
Jean,Freeman,53-(319)946-7745,jfreemanfi@bloglines.com
Brenda,Boyd,62-(861)232-4193,bboydfj@whitehouse.gov
Jean,Armstrong,62-(717)456-6712,jarmstrongfk@arstechnica.com
Richard,Campbell,380-(470)617-1785,rcampbellfl@nih.gov
Wanda,Little,81-(795)486-5921,wlittlefm@fc2.com
Cheryl,Coleman,84-(813)789-0059,ccolemanfn@geocities.jp
Melissa,Stewart,62-(994)221-1522,mstewartfo@oaic.gov.au
Douglas,Mills,1-(502)126-3400,dmillsfp@utexas.edu
Thomas,Hernandez,30-(597)324-2768,thernandezfq@liveinternet.ru
Roger,Long,62-(896)650-7591,rlongfr@unicef.org
Annie,Black,86-(349)866-5438,ablackfs@ehow.com
Earl,Cunningham,86-(768)938-2814,ecunninghamft@bbc.co.uk
Linda,Nguyen,856-(236)963-6796,lnguyenfu@apache.org
Harry,Jacobs,66-(670)794-5474,hjacobsfv@merriam-webster.com
Bobby,Chapman,420-(204)726-9495,bchapmanfw@blinklist.com
Jack,Simpson,7-(428)309-4994,jsimpsonfx@linkedin.com
Bobby,Robinson,86-(923)372-9303,brobinsonfy@webmd.com
Patrick,Hanson,44-(541)712-4111,phansonfz@diigo.com
Dennis,Bennett,351-(581)201-5940,dbennettg0@twitter.com
Roger,Harper,506-(347)811-2667,rharperg1@forbes.com
Eric,Washington,51-(727)344-9915,ewashingtong2@sphinn.com
Frank,Bennett,995-(470)425-8793,fbennettg3@patch.com
Jonathan,Ford,351-(398)466-9901,jfordg4@barnesandnoble.com
Steven,Mcdonald,1-(981)845-4681,smcdonaldg5@unesco.org
Carolyn,Taylor,60-(681)508-4004,ctaylorg6@msu.edu
Andrew,Cooper,55-(752)943-6633,acooperg7@networksolutions.com
William,Bryant,62-(174)888-6679,wbryantg8@w3.org
Scott,Howard,351-(196)726-8167,showardg9@paypal.com
Angela,Sims,66-(133)448-2127,asimsga@livejournal.com
Betty,Ross,58-(163)712-4657,brossgb@amazon.de
Carolyn,Bell,86-(950)440-7356,cbellgc@xrea.com
Jennifer,Bailey,597-(510)842-9726,jbaileygd@ning.com
Tina,Shaw,63-(651)106-4026,tshawge@mapy.cz
Sandra,Moreno,86-(845)182-2475,smorenogf@bandcamp.com
Andrea,Little,241-(497)158-0839,alittlegg@amazon.co.jp
Lori,Wagner,374-(723)705-3488,lwagnergh@indiegogo.com
Kathryn,Walker,420-(124)819-8363,kwalkergi@deliciousdays.com
Stephanie,Warren,420-(185)862-0491,swarrengj@163.com
Terry,Hart,351-(864)881-2073,thartgk@psu.edu
Christine,Wheeler,86-(779)513-8029,cwheelergl@cocolog-nifty.com
Emily,Patterson,48-(447)552-3354,epattersongm@google.co.jp
Nicole,Fields,62-(962)412-6289,nfieldsgn@facebook.com
Diana,Gonzales,52-(754)679-4055,dgonzalesgo@webnode.com
Sean,Ryan,48-(548)176-5015,sryangp@scribd.com
Anthony,Bailey,86-(116)222-2858,abaileygq@fc2.com
Diana,Taylor,7-(999)559-6882,dtaylorgr@issuu.com
Charles,Davis,7-(182)698-6823,cdavisgs@google.de
Sharon,Kelly,33-(921)270-7069,skellygt@dropbox.com
Julie,Campbell,58-(990)943-3754,jcampbellgu@example.com
Benjamin,Cole,387-(498)764-2557,bcolegv@zimbio.com
Billy,Greene,53-(805)514-2262,bgreenegw@dagondesign.com
Nicole,Gardner,63-(316)821-5373,ngardnergx@oracle.com
Sara,Reyes,57-(422)759-0855,sreyesgy@europa.eu
Michael,Collins,66-(482)828-0887,mcollinsgz@ucsd.edu
Emily,Daniels,33-(699)277-5683,edanielsh0@jiathis.com
Cheryl,Carr,62-(925)292-6968,ccarrh1@google.it
Adam,Hawkins,355-(434)125-9053,ahawkinsh2@multiply.com
Brenda,Perez,57-(310)359-0926,bperezh3@jugem.jp
Pamela,Taylor,46-(875)344-8662,ptaylorh4@dyndns.org
Jeremy,Wallace,60-(603)631-1845,jwallaceh5@nba.com
Clarence,Williams,1-(865)895-7048,cwilliamsh6@exblog.jp
Walter,Barnes,86-(820)640-5356,wbarnesh7@mashable.com
Margaret,Patterson,374-(367)816-5416,mpattersonh8@google.cn
Bobby,Mendoza,505-(664)177-3199,bmendozah9@ycombinator.com
Joshua,Bell,86-(493)866-8911,jbellha@epa.gov
Maria,Marshall,62-(340)312-6079,mmarshallhb@columbia.edu
Rebecca,Wagner,967-(470)681-9817,rwagnerhc@privacy.gov.au
Michael,Gomez,420-(933)846-5821,mgomezhd@last.fm
Virginia,Black,56-(873)749-7817,vblackhe@imageshack.us
Arthur,Ruiz,34-(635)330-7827,aruizhf@devhub.com
Evelyn,Mendoza,62-(877)254-1526,emendozahg@bravesites.com
Douglas,Jones,267-(103)143-8861,djoneshh@msu.edu
Dennis,Berry,86-(176)498-1533,dberryhi@discovery.com
Donna,Wheeler,351-(238)219-3952,dwheelerhj@instagram.com
Phillip,Ellis,48-(381)876-6121,pellishk@globo.com
Arthur,Gibson,251-(883)482-4349,agibsonhl@ucoz.com
Philip,Stone,372-(120)712-0527,pstonehm@va.gov
Andrew,Jackson,1-(646)714-0563,ajacksonhn@printfriendly.com
Denise,Rogers,86-(960)226-2910,drogersho@reddit.com
Katherine,Henry,63-(945)776-1751,khenryhp@umich.edu
Eugene,White,62-(941)749-5232,ewhitehq@sitemeter.com
George,Cook,355-(673)190-5108,gcookhr@ovh.net
Susan,Matthews,86-(991)898-8351,smatthewshs@godaddy.com
Laura,Olson,81-(555)426-2208,lolsonht@liveinternet.ru
Karen,Simpson,49-(308)946-5019,ksimpsonhu@merriam-webster.com
Rebecca,Holmes,30-(122)512-3528,rholmeshv@symantec.com
Jonathan,Cole,86-(791)212-8532,jcolehw@omniture.com
Kathy,Wagner,351-(479)956-0100,kwagnerhx@kickstarter.com
Harry,Morales,86-(851)445-9630,hmoraleshy@live.com
John,Williams,33-(752)471-7800,jwilliamshz@fda.gov
Carlos,George,86-(217)298-7005,cgeorgei0@ask.com
Brenda,Weaver,30-(653)234-5667,bweaveri1@macromedia.com
Antonio,Carpenter,33-(363)851-2476,acarpenteri2@addtoany.com
Jack,Simpson,49-(447)189-7558,jsimpsoni3@networkadvertising.org
Linda,Crawford,92-(366)650-7752,lcrawfordi4@histats.com
Rachel,Nelson,48-(188)590-0794,rnelsoni5@flickr.com
Alice,Reyes,62-(290)647-6129,areyesi6@a8.net
Clarence,Powell,54-(694)584-1553,cpowelli7@hatena.ne.jp
Linda,Howell,54-(625)240-9629,lhowelli8@cargocollective.com
Virginia,Ross,265-(541)125-7262,vrossi9@fda.gov
Amy,Elliott,374-(133)110-9063,aelliottia@wp.com
Martha,Martin,86-(408)738-0626,mmartinib@mediafire.com
Paula,Andrews,86-(265)461-0017,pandrewsic@photobucket.com
Janice,Bell,7-(388)904-2954,jbellid@jigsy.com
Maria,Cole,234-(818)442-2178,mcoleie@soundcloud.com
Cynthia,Hawkins,86-(468)299-6060,chawkinsif@w3.org
Norma,Collins,53-(508)889-6360,ncollinsig@npr.org
Louise,Wells,62-(371)923-5227,lwellsih@jugem.jp
Rachel,Chavez,49-(820)506-4865,rchavezii@patch.com
Randy,Long,20-(943)986-2837,rlongij@gnu.org
Diane,Fisher,234-(433)817-0935,dfisherik@sphinn.com
David,Simpson,86-(961)794-6358,dsimpsonil@spiegel.de
Timothy,Porter,63-(905)433-4462,tporterim@abc.net.au
Patrick,Fernandez,86-(350)613-5923,pfernandezin@buzzfeed.com
Virginia,Flores,54-(455)666-3073,vfloresio@vk.com
Douglas,Daniels,420-(422)416-9196,ddanielsip@usnews.com
Virginia,Watson,86-(571)237-7675,vwatsoniq@cnbc.com
Peter,Alexander,86-(839)421-9046,palexanderir@dailymotion.com
Judith,Wells,54-(831)426-1254,jwellsis@auda.org.au
Kathleen,Meyer,86-(259)764-9226,kmeyerit@i2i.jp
Henry,Taylor,963-(436)665-4477,htayloriu@google.com.hk
Donna,Gordon,86-(396)363-0683,dgordoniv@scribd.com
Patrick,Garza,375-(927)927-7923,pgarzaiw@engadget.com
Frank,Williamson,850-(956)695-1277,fwilliamsonix@howstuffworks.com
Russell,Thompson,221-(125)776-9762,rthompsoniy@gravatar.com
Christopher,Hansen,7-(538)923-5078,chanseniz@fda.gov
Sharon,Stevens,57-(160)800-1306,sstevensj0@liveinternet.ru
Craig,Fox,48-(604)846-0196,cfoxj1@netvibes.com
Roy,Bell,380-(942)507-1345,rbellj2@twitter.com
Charles,Burke,54-(315)394-7417,cburkej3@kickstarter.com
Mildred,Shaw,81-(125)766-9047,mshawj4@example.com
Ruth,Rogers,54-(527)456-3847,rrogersj5@123-reg.co.uk
Arthur,Bishop,86-(394)192-4382,abishopj6@dagondesign.com
Philip,Johnston,62-(329)954-6468,pjohnstonj7@nasa.gov
Carl,Montgomery,46-(678)654-4601,cmontgomeryj8@webnode.com
Wanda,Schmidt,351-(151)863-4167,wschmidtj9@psu.edu
Debra,Carr,86-(121)293-8348,dcarrja@nps.gov
Ann,Watson,351-(527)735-7217,awatsonjb@yandex.ru
Brenda,Ferguson,52-(430)256-0790,bfergusonjc@psu.edu
Louise,Coleman,63-(662)162-4236,lcolemanjd@economist.com
Elizabeth,Owens,63-(982)262-5827,eowensje@bing.com
Matthew,Lane,7-(256)754-0901,mlanejf@comcast.net
Ronald,Jacobs,63-(454)871-5593,rjacobsjg@soup.io
Maria,Snyder,504-(995)931-5178,msnyderjh@pen.io
Lisa,Elliott,374-(957)163-6940,lelliottji@newsvine.com
Eugene,Lawrence,86-(656)407-4143,elawrencejj@arizona.edu
Matthew,Mccoy,62-(281)143-2208,mmccoyjk@pcworld.com
Joyce,Rivera,66-(762)734-1629,jriverajl@answers.com
Joe,Gomez,504-(984)782-2509,jgomezjm@noaa.gov
Kelly,Webb,1-(706)183-4698,kwebbjn@booking.com
Eric,Barnes,850-(885)553-8880,ebarnesjo@goo.gl
Timothy,Duncan,872-(204)550-4270,tduncanjp@sitemeter.com
Shawn,Riley,46-(407)801-2247,srileyjq@bandcamp.com
Annie,Ruiz,33-(557)355-6158,aruizjr@yelp.com
James,Robinson,62-(635)262-2287,jrobinsonjs@github.io
Paul,Ruiz,54-(530)423-1817,pruizjt@dion.ne.jp
Betty,Romero,98-(336)776-2853,bromeroju@stanford.edu
Elizabeth,Patterson,51-(380)120-2137,epattersonjv@oracle.com
Heather,Thompson,688-(476)911-0473,hthompsonjw@pagesperso-orange.fr
Ernest,Freeman,86-(411)671-2110,efreemanjx@yellowbook.com
Laura,Montgomery,46-(549)223-5129,lmontgomeryjy@oracle.com
Keith,Ramirez,62-(535)992-9251,kramirezjz@g.co
Janice,Tucker,30-(604)499-4701,jtuckerk0@nyu.edu
Carol,Lawrence,33-(972)470-3950,clawrencek1@taobao.com
Arthur,Wallace,7-(347)882-8203,awallacek2@rambler.ru
Bonnie,Alexander,7-(588)176-0934,balexanderk3@abc.net.au
Terry,Cole,62-(319)918-4483,tcolek4@yolasite.com
Jason,Porter,52-(250)636-4745,jporterk5@wired.com
Albert,Woods,81-(232)599-5552,awoodsk6@issuu.com
Anna,Nelson,55-(853)629-2626,anelsonk7@kickstarter.com
Marilyn,Hanson,351-(723)893-8966,mhansonk8@wikispaces.com
Jacqueline,Wells,218-(738)585-4489,jwellsk9@boston.com
Patricia,Moreno,33-(456)598-6042,pmorenoka@pagesperso-orange.fr
Arthur,Myers,63-(604)210-9063,amyerskb@dion.ne.jp
Virginia,Long,86-(883)491-0639,vlongkc@europa.eu
Katherine,Castillo,242-(583)942-6572,kcastillokd@alexa.com
Melissa,Walker,43-(975)175-9473,mwalkerke@bloomberg.com
Rachel,Fowler,7-(276)267-9269,rfowlerkf@marriott.com
Phillip,Flores,351-(495)760-3431,pfloreskg@wired.com
Sean,Ford,66-(303)637-1690,sfordkh@edublogs.org
Todd,Lawrence,62-(186)282-4214,tlawrenceki@apple.com
Kimberly,Willis,86-(292)533-0202,kwilliskj@uiuc.edu
Brian,Sanchez,63-(923)709-8161,bsanchezkk@house.gov
Martha,Ruiz,420-(903)344-4166,mruizkl@google.co.jp
Andrea,Mills,358-(497)155-0698,amillskm@infoseek.co.jp
Clarence,Frazier,86-(724)342-2947,cfrazierkn@nsw.gov.au
Benjamin,Morrison,86-(893)970-8126,bmorrisonko@360.cn
Diana,Miller,353-(660)574-3755,dmillerkp@facebook.com
Frank,Simmons,46-(309)699-3924,fsimmonskq@arizona.edu
Norma,Murray,7-(255)272-2970,nmurraykr@umich.edu
Jeremy,Morgan,46-(740)678-8867,jmorganks@hp.com
Julia,Tucker,998-(535)344-5907,jtuckerkt@examiner.com
Dennis,Perkins,7-(388)401-5206,dperkinsku@topsy.com
Phillip,Hart,675-(411)782-1896,phartkv@flavors.me
Tina,Fisher,51-(552)949-0435,tfisherkw@miitbeian.gov.cn
Lois,Morales,358-(889)334-4356,lmoraleskx@behance.net
Alan,Anderson,62-(873)556-2924,aandersonky@apache.org
Roger,Russell,86-(653)580-7305,rrussellkz@instagram.com
Randy,Lewis,48-(118)664-5309,rlewisl0@mac.com
Daniel,Lawrence,86-(607)987-0220,dlawrencel1@reference.com
Scott,Willis,375-(518)700-5799,swillisl2@blogger.com
Randy,Owens,7-(632)900-0081,rowensl3@1und1.de
Walter,Perry,81-(894)946-5649,wperryl4@typepad.com
Roger,Oliver,86-(647)244-3564,roliverl5@joomla.org
Andrea,Rice,967-(233)986-0604,aricel6@vkontakte.ru
Jeremy,Wallace,86-(515)113-9406,jwallacel7@cocolog-nifty.com
Harry,Watkins,850-(356)444-7664,hwatkinsl8@google.com
